ID;H1;H2;H3;H4_1;H4_2;H4_3;H4_4;H4_5;H4_6;H4_7;H4_8;H5_1;H5_2;H6;H7;H8;H9;H10;H11;H12;H13;H14;H15;H16_1;H16_2;H16_3;H16_4;H16_5;H17_1;H17_2;H18_1;H18_2;H18_3;H18_4;H18_5;H18_6;H19_1;H19_2;H19_3;H19_4;H19_5;H20_1;H20_2;H20_3;H20_4;H20_5;H20_6;H20_7;H20_8;H21_1;H21_2;H21_3;H21_4;H21_5;H21_6;H21_7;H21_8;H21_9;H21_10;H21_11;H21_12;H22_1;H22_2;H22_3;H22_4;H22_5;H22_6;H22_7;H22_8;H22_9;H22_10;H22_11;H22_12;H22_13;H22_14;H22_15;H22_16;H23_1;H23_2;H23_3;H23_4;H23_5;H23_6;H24;H25;H26;H27;H28;H29;H30;H31;H32;H33;H34;H35;H36;H37;H38;H39;H40;H41;H42;H43;H44;H45;H46;H47;H48;H49;H50;H51;H52;H53;H54;H55;H56;H57;H58;H59;H60;H61;H62;H63;H64;H65;H66;H67;H68;H69;H70;H71;H72;H73;H74;H75;H76;H77;H78;H79;H80;H81;H82;H83;H84;H85
1;19237;19237;2;0,090555;0,051151;0,0629;0,157457;0,14129;0,11691;0,179082;0,200655;0,473;0,527;0,143;0,178;0,653;0,169;53,1;95,1;25,9;0,0199;-55;3;0,31;0,04;0,52;0,08;0,06;0,33;0,67;0,19;0,24;0,25;0,21;0,09;0,02;0,12;0,18;0,42;0,28;0;0,46;0,03;0,1;0,21;0,15;0,03;0,03;0;0,04;0,14;0,07;0,16;0,03;0,03;0,21;0,15;0,1;0,05;0;0,02;0,06;0,01;0;0,03;0,04;0,04;0,07;0,07;0,04;0,04;0,11;0,12;0,07;0,29;0;0,01;0,02;0,13;0,75;0,09;0;0,02;978,49;0,64;0,66;0,49;0,23;896,46;2646,06;2468,49;905,47;546,07;0;1;2;2;2;;2;6;11,05;2;254;2;6700;2;0;2;60;1;niemiecki;2;1;1;1;2;0;2;2;5;0;14;10;0;0;9997;1;2;0;0;0;0;0;0;0;0;0;0;1;3;Dla pracowników samorz¹du, dla firm i bezrobotnych;0;0;
2;756183;756183;2;0,088054;0,03908;0,050414;0,162519;0,173908;0,119266;0,145703;0,221056;0,4673;0,5327;0,047;0,155;0,652;0,194;53,4;125,3;29,7;0,0441;110;306;0,33;0,08;0,36;0,1;0,13;0,33;0,67;0,39;0,3;0,2;0,08;0,02;0,01;0,06;0,19;0,35;0,39;0,01;0,55;0,08;0,03;0,21;0,1;0,02;0,01;0,01;0,09;0,18;0,07;0,21;0,03;0;0,21;0,1;0,03;0,02;0,01;0,05;0,04;0,03;0,02;0,03;0,05;0,06;0,05;0,05;0,04;0,06;0,08;0,09;0,15;0,23;0;0;0,02;0,19;0,55;0,2;0,01;0,03;1107,54;0,42;0,64;0,36;0,18;749,33;4479,95;4453,06;1209,7;530,17;99997;1;2;2;2;;2;88;13,31;71;278;77;1478463;40;0;3;55;2;;7;2;2;0;0;1;1;0;72;14;86;0;6;4;19;1;1;1;3;1;1;0;0;0;0;0;0;1;9997;Regularna nauka jezyka;0;0;
3;51605;51605;2;0,082143;0,043697;0,059878;0,154927;0,124639;0,121984;0,174886;0,237845;0,475;0,525;0,173;0,16;0,634;0,207;57,9;129,6;32,7;0,0289;-202;-6;0,24;0,04;0,56;0,07;0,09;0,38;0,62;0,16;0,27;0,29;0,18;0,05;0,05;0,2;0,36;0,31;0,13;0;0,33;0,07;0,14;0,31;0,11;0,02;0;0,02;0,03;0,06;0,01;0,22;0,07;0;0,31;0,11;0,14;0,02;0,02;0,02;0,01;0,01;0,02;0,04;0,08;0,1;0,07;0,1;0,11;0,11;0,09;0,09;0,05;0,08;0;0,02;0,04;0,31;0,56;0,08;0;0;1026,36;0,28;0,42;0,23;0,29;788,8;2752,65;3157,3;770,43;595,4;0;1;2;2;2;;2;7;12,16;7;146;3;12042;1;0;1;3;2;;10;1;1;0;0;0;0;0;22;0;47;2;1;0;9997;0;1;0;0;0;0;0;0;0;0;0;0;0;0;;0;0;
4;16254;26206;5;0,084102;0,045835;0,059308;0,158853;0,148087;0,127661;0,163775;0,212378;0,48;0,52;0,186;0,164;0,66;0,176;51,5;106,8;26,6;0,0298;-1;-7;0,28;0,1;0,4;0,09;0,13;0,4;0,6;0,16;0,37;0,25;0,21;0;0;0,16;0,21;0,38;0,25;0;0,43;0,01;0,04;0,31;0,16;0,05;0;0;0,02;0,19;0,07;0,13;0,03;0;0,31;0,16;0,04;0,05;0;0,01;0;0;0;0,01;0,03;0,09;0,01;0,03;0,03;0,08;0,14;0,1;0,22;0,26;0;0,01;0,01;0,11;0,41;0,43;0,01;0,02;1115,73;0,59;0,55;0,19;0,5;482,73;2397,2;2561,5;1058,75;398,37;0;1;2;2;2;;2;4;11,32;1;144;1;68466;0;0;4;36;2;;1;1;2;0;0;1;0;0;3;0;8;0;0;0;9997;0;2;0;0;0;0;0;0;0;0;0;0;0;0;;0;0;
5;5052;13896;5;0,075416;0,056611;0,059382;0,159937;0,145487;0,117973;0,174584;0,21061;0,525732;0,474268;0,194;0,167;0,653;0,18;53,1;108,1;27,6;0,0298;-50;3;0,32;0,03;0,33;0,18;0,14;0,3;0,7;0,21;0,42;0,2;0,14;0,03;0;0,05;0,22;0,45;0,29;0;0,48;0,2;0,02;0,14;0,15;0;0;0;0;0,11;0,03;0,48;0,08;0;0,14;0,15;0,02;0;0;0;0;0;0;0;0,11;0,1;0;0,1;0,01;0,24;0,05;0,1;0,11;0,18;0;0;0;0,49;0,41;0,1;0;0;1115,73;0,4;0,67;0,5;0,31;458,5;2409,17;2410,3;969,3;447,3;0;1;2;2;2;;2;1;9,22;1;89;1;8310;0;0;4;19;2;;5;4;0;0;0;2;0;0;1;0;2;0;0;1;9998;0;1;0;0;0;0;0;0;0;0;0;0;0;0;;0;0;
6;9557;9557;2;0,102752;0,048237;0,06163;0,17359;0,118447;0,118029;0,177671;0,199644;0,494;0,506;0,122;0,187;0,649;0,164;54,1;88;25,3;0,0179;-99;-2;997;997;997;997;997;997;997;997;997;997;997;997;997;997;997;997;997;997;997;997;997;997;997;997;997;997;997;997;997;997;997;997;997;997;997;997;997;997;997;997;997;997;997;997;997;997;997;997;997;997;997;997;997;997;997;997;997;997;997;997;978,49;997;997;997;997;647,5;2357,5;2978,59;1246,89;440,78;0;2;2;2;2;;2;2;19,97;2;249;1;1562;2;0;4;79;2;;1;1;0;1;0;0;0;0;4;0;11;0;0;1;1;0;0;0;0;0;0;0;0;0;0;0;0;0;0;;0;0;
7;142950;142950;2;0,097377;0,048982;0,059531;0,157643;0,150773;0,134159;0,158692;0,192844;0,486;0,514;0,085;0,181;0,653;0,167;53,2;92,3;25,5;0,0543;-237;-168;0,26;0,08;0,45;0,11;0,1;0,34;0,66;0,23;0,27;0,22;0,17;0,05;0,05;0,31;0,49;0,16;0,03;0;0,35;0,05;0,11;0,27;0,11;0,1;0;0,01;0;0,04;0,01;0,24;0,07;0;0,27;0,11;0,11;0,11;0,01;0,03;0,01;0,02;0,03;0,05;0,08;0,08;0,07;0,09;0,07;0,13;0,14;0,11;0,04;0,07;0;0,01;0,04;0,39;0,53;0,03;0;0,01;1168,42;0,15;0,36;0,24;0,16;537,32;3345,17;3371,95;1153,24;592,83;0;1;2;2;2;;2;16;18,21;14;124;5;40176;2;1;3;12;2;;9;0;0;0;0;11;9;0;12;0;134;0;0;0;9997;1;2;0;0;0;0;0;0;0;0;0;0;1;2; 6 grup zajêciowych - zró¿nicowanie poziomy.;0;0;
8;205312;205312;2;0,090794;0,042862;0,05741;0,170521;0,165309;0,116394;0,155972;0,200738;0,463;0,537;0,082;0,166;0,664;0,171;50,6;103;25,7;0,0306;-601;-41;0,3;0,04;0,5;0,07;0,09;0,34;0,66;0,23;0,36;0,25;0,13;0,03;0,01;0,11;0,3;0,39;0,2;0;0,52;0,04;0,04;0,22;0,14;0,03;0,01;0,01;0,05;0,16;0,06;0,23;0,04;0;0,22;0,14;0,04;0,04;0,01;0,02;0,01;0,01;0,01;0,02;0,03;0,06;0,06;0,06;0,07;0,09;0,1;0,2;0,13;0,16;0;0,01;0,03;0,17;0,58;0,17;0,01;0,04;1158,49;0,46;0,65;0,72;0,17;448,25;3612,37;4029,03;1317,11;485,91;0;1;2;2;2;;2;29;14,12;16;148;10;215537;10;0;3;20;2;;20;0;10;1;0;3;0;0;42;1;51;50;3;0;9997;0;2;0;0;0;0;0;0;0;0;1;4;1;4;Jêzyk angielski dla osób, które uczy³y sie kiedyœ i chca poznaæ lepiej jêzyk.;1;10;Szkolenie dla wolontariuszy.
9;22239;22239;2;0,094294;0,057916;0,072485;0,179954;0,143667;0,137641;0,155358;0,158685;0,483;0,517;0,231;0,193;0,673;0,134;48,7;69,6;20;0,0226;-78;-17;0,22;0,03;0,56;0,09;0,09;0,45;0,55;0,2;0,3;0,2;0,19;0,08;0,04;0,19;0,31;0,3;0,2;0;0,42;0,04;0,09;0,26;0,12;0,03;0,02;0;0,03;0,1;0,06;0,2;0,07;0;0,26;0,12;0,09;0,05;0;0;0;0;0,01;0,02;0,05;0,07;0,05;0,07;0;0,06;0,19;0,1;0,07;0,3;0;0,01;0;0,19;0,46;0,19;0,01;0,15;1103,2;0,6;0,74;0,39;0,3;593,88;2622,14;2778,48;1040,96;504,48;0;2;2;2;2;;2;3;10,54;1;136;1;6216;0;0;2;10;2;;2;0;0;0;0;0;0;0;0;0;0;0;0;0;9997;0;0;0;0;0;0;0;0;0;0;0;0;0;0;;0;0;
10;31025;31025;2;0,095794;0,047768;0,05444;0,143916;0,170959;0,117035;0,145302;0,224786;0,48;0,52;0,114;0,175;0,639;0,186;56,5;106,5;29,2;0,0254;75;-11;0,32;0,09;0,32;0,17;0,09;0,43;0,57;0,45;0,25;0,16;0,11;0,03;0;0,13;0,54;0,21;0,11;0,01;0,57;0,03;0,02;0,2;0,1;0,07;0;0;0,01;0,07;0,05;0,18;0,02;0;0,2;0,1;0,02;0,07;0;0,27;0,01;0;0,01;0,03;0,08;0,09;0,11;0,08;0,04;0,09;0,09;0,15;0,15;0,07;0;0,01;0,07;0,26;0,59;0,07;0;0;1239,2;0,36;0,38;0,28;0,19;444,16;2655,33;2859,17;721,96;360,88;0;1;1;1;2;;2;3;13,75;3;221;3;14412;0;0;1;36;2;;2;3;12;0;1;0;0;0;8;0;11;0;0;0;9997;0;2;1;2;0;0;1;1;0;0;0;0;0;0;;0;0;
11;11232;25859;4;0,112379;0,053366;0,059012;0,176109;0,17754;0,127344;0,163425;0,130825;0,487567;0,512433;0,035;0,2;0,698;0,103;43,3;51,3;14,7;0,0223;228;-7;0,28;0,02;0,58;0,07;0,05;0,37;0,63;0,15;0,18;0,3;0,25;0,07;0,05;0,19;0,51;0,25;0,05;0;0,45;0,06;0,04;0,23;0,12;0,07;0,01;0,02;0,01;0,02;0,05;0,32;0,07;0,03;0,23;0,12;0,04;0,09;0,02;0;0;0;0;0;0,02;0;0,01;0,03;0,01;0,1;0,19;0,2;0,08;0,36;0;0;0;0,13;0,61;0,22;0;0,04;1125,74;0,69;0,51;0,07;0,49;179,4;2838,11;2774,76;885,53;275,16;0;1;1;1;2;;2;3;11,13;4;129;4;2570;0;0;3;20;2;;2;0;1;1;0;0;0;1;2;0;12;0;0;0;9997;0;0;0;0;0;0;0;0;0;0;0;0;0;0;;0;0;
12;116914;116914;2;0,090819;0,047342;0,059539;0,146347;0,15573;0,124724;0,166652;0,208846;0,529;0,471;0,195;0,173;0,652;0,175;53,4;101,3;26,9;0,0266;-411;55;0,24;0,05;0,53;0,08;0,1;0,35;0,65;0,18;0,27;0,24;0,22;0,07;0,03;0,16;0,39;0,29;0,16;0;0,45;0,05;0,1;0,25;0,09;0,04;0,01;0,01;0,04;0,1;0,03;0,27;0,05;0;0,25;0,09;0,1;0,06;0,01;0,01;0,01;0,01;0,01;0,06;0,07;0,09;0,07;0,07;0,06;0,12;0,13;0,14;0,1;0,04;0;0,01;0,04;0,18;0,68;0,08;0;0,01;1158,49;0,37;0,56;0,66;0,16;612,01;3934,24;4397,29;1490,16;742,12;0;2;2;2;2;;2;17;10,77;14;166;6;26234;7;0;1;40;2;;4;2;1;0;0;2;0;0;17;0;21;0;2;0;9997;0;0;0;0;0;0;0;0;0;0;0;0;0;0;;0;0;
13;18318;18318;2;0,095371;0,051971;0,063544;0,1629;0,137624;0,125833;0,168086;0,194672;0,473;0,527;0,183;0,184;0,65;0,166;53,9;90,3;25,6;0,0199;-65;2;0,26;0,04;0,55;0,09;0,06;0,25;0,75;0,05;0,22;0,24;0,25;0,2;0,03;0,15;0,32;0,31;0,21;0,01;0,34;0,08;0,16;0,2;0,15;0,05;0,01;0,02;0,04;0,09;0,02;0,22;0,02;0,01;0,2;0,15;0,16;0,06;0,02;0;0,05;0;0,02;0,01;0,04;0,04;0,01;0,03;0,04;0,03;0,1;0,04;0,05;0,49;0;0,05;0,02;0,27;0,64;0,06;0;0,01;978,49;0,45;0,61;0,35;0,39;416,82;2110,85;2480,49;1141,06;450,88;0;2;2;2;2;;2;6;9,9;5;238;4;22816;2;0;2;37;2;;1;5;8;2;0;2;0;0;6;0;11;3;0;0;9997;0;1;0;0;1;5;0;0;1;2;1;2;1;8;Angielski od podstaw, œredniozaawansowany, angielski specjalistyczny dla kadry hotelarskiej, kasjerow i pracowników lotniska.;0;0;
14;12454;27053;3;0,113148;0,056186;0,061657;0,160019;0,167597;0,126308;0,147451;0,167634;0,485344;0,514656;0,035;0,206;0,655;0,139;52,6;67,1;21,1;0,0223;270;-5;0,31;0,01;0,51;0,09;0,08;0,32;0,68;0,39;0,23;0,23;0,13;0,01;0,01;0,08;0,46;0,25;0,21;0;0,55;0,06;0,01;0,26;0,07;0,02;0,01;0,02;0,06;0,11;0,07;0,31;0,03;0;0,26;0,07;0,01;0,03;0,02;0,02;0,03;0,02;0,05;0,08;0,13;0,08;0,08;0,1;0,03;0,08;0,03;0,04;0,03;0,21;0;0;0;0,1;0,54;0,25;0,01;0,09;1125,74;0,5;0,39;0,08;0,3;371,69;2462,7;2962,54;928,6;302,44;0;1;2;2;2;;2;6;7,08;6;171;1;9000;0;0;2;75;2;;5;0;2;2;0;0;0;0;5;0;11;0;0;0;9997;0;0;0;0;0;0;0;0;0;0;0;0;0;0;;0;0;
15;2220;9545;4;0,144893;0,076689;0,085071;0,166265;0,140911;0,127292;0,099843;0,159036;0,4985;0,5015;0,172;0,27;0,591;0,138;69,1;51,2;23,4;0,0274;-10;2;0,38;0;0,57;0;0,05;0,39;0,61;0,06;0,27;0,17;0,17;0,16;0,17;0,43;0,57;0;0;0;0,44;0,06;0,05;0,22;0,16;0,07;0;0;0;0;0,06;0,16;0,06;0,22;0,22;0,16;0,05;0,07;0;0;0;0;0;0;0;0,05;0;0,06;0;0,16;0,11;0,28;0,33;0;0;0;0,05;0,66;0,28;0;0;0;1107,54;0,72;0,33;0,06;0,95;1222,34;3458,9;3525,38;1182,63;686,12;0;2;2;2;2;;2;2;11,28;2;112;1;7650;0;0;1;40;2;;1;0;0;2;1;3;3;0;0;1;0;11;0;0;9997;0;1;0;0;0;0;0;0;0;0;0;0;0;0;;0;0;
16;34022;34022;2;0,084347;0,039301;0,052028;0,144919;0,14327;0,121085;0,175913;0,239136;0,463;0,537;0,223;0,153;0,641;0,206;56,1;134,2;32,1;0,0357;-122;-5;0,34;0,14;0,36;0,09;0,07;0,31;0,69;0,2;0,33;0,22;0,13;0,05;0,07;0,35;0,38;0,21;0,06;0;0,32;0,07;0,24;0,25;0,06;0,04;0,01;0,01;0,02;0,04;0,01;0,21;0,06;0,01;0,25;0,06;0,24;0,05;0,01;0,03;0,01;0,01;0,02;0,05;0,08;0,07;0,09;0,08;0,08;0,15;0,15;0,08;0,06;0,05;0;0,01;0,08;0,34;0,54;0,04;0;0;1239,2;0,19;0,46;0,19;0,29;665,38;2645,83;2761,61;748;439,3;0;1;1;1;2;;2;4;17,59;3;236;1;66231;1;0;2;56;2;;2;1;1;3;0;1;0;0;9;0;10;0;0;0;9997;0;1;0;0;0;0;0;0;0;0;0;0;0;0;;0;0;
17;189500;189500;2;0,086925;0,045095;0,0557;0,15139;0,154573;0,13404;0,153725;0,218553;0,4826;0,5174;0,181;0,164;0,645;0,191;55,2;116,7;29,7;0,0354;-725;-144;0,23;0,12;0,42;0,1;0,13;0,4;0,6;0,23;0,31;0,24;0,15;0,05;0,03;0,22;0,49;0,21;0,08;0;0,36;0,05;0,14;0,26;0,09;0,09;0,01;0,01;0,01;0,06;0,01;0,23;0,07;0;0,26;0,09;0,14;0,09;0,01;0,02;0,02;0,02;0,03;0,04;0,06;0,07;0,06;0,06;0,08;0,13;0,13;0,12;0,1;0,07;0;0,01;0,06;0,33;0,57;0,04;0;0;1168,42;0,24;0,42;0,26;0,21;734,42;3365,78;3476,31;1137,54;644,69;0;1;2;2;2;;2;17;14,46;12;81;4;33059;4;0;3;9;2;;23;12;4;0;0;5;0;0;15;1;197;0;0;0;9997;0;1;0;0;0;0;0;0;0;0;0;0;0;0;;0;0;
18;6147;11932;5;0,088824;0,052709;0,06312;0,161705;0,142509;0,167236;0,139906;0,183992;0,488;0,512;0,109;0,177;0,661;0,162;51,3;91,4;24,5;0,0296;46;-21;0,33;0;0,43;0,1;0,14;0,29;0,71;0,38;0,05;0,13;0,28;0,15;0;0,27;0,32;0,27;0,14;0;0,49;0,06;0;0,19;0,19;0;0;0,08;0;0,16;0;0,26;0,12;0;0,19;0,19;0;0;0,08;0;0;0;0;0;0,09;0,11;0,13;0,11;0;0,18;0;0;0,16;0,22;0;0;0;0,28;0,5;0,22;0;0;1115,73;0,55;0,45;0,25;0,53;441,23;3934,18;4267,07;1312,79;587,62;0;1;2;2;2;;2;1;15,13;6;228;1;105;0;0;3;43;1;niemiecki;0;8;8;0;0;2;0;0;0;0;2;0;0;0;9997;0;0;0;0;0;0;0;0;0;0;0;0;0;0;;0;0;
19;388;11894;4;0,124517;0,072642;0,084917;0,174121;0,152009;0,127459;0,126703;0,137632;0,497898;0,502102;0,265;0,247;0,634;0,118;57,7;47,8;18,7;0,021973;64;0;0,22;0;0,64;0,02;0,12;0,39;0,61;0,05;0,38;0,21;0,34;0;0,02;0,29;0,38;0,25;0,07;0;0,27;0,2;0,16;0,28;0,07;0;0;0,03;0,02;0;0;0,35;0,1;0;0,28;0,07;0,16;0;0,03;0;0,02;0,05;0;0,06;0,03;0,07;0,07;0,04;0,18;0,11;0,12;0,22;0,02;0;0;0;0,05;0,2;0,72;0,03;0;0;1601,97;0,53;0,29;0;0,29;591,17;2429,57;2822,2;992,89;483,58;0;2;2;2;2;;2;1;25,13;4;114;4;160;0;0;1;10;2;;0;0;0;2;0;2;0;1;0;0;0;10;0;0;9997;1;1;0;0;0;0;0;0;0;0;0;0;1;2;Lekcje jêzyka angielskiego dofinansowanie z polsko amerykanskiej  fundacji wolnoœci reprezentowanej w polsce przez stworzyszenie NIDA. Projekt klasy 4-6 + nauczyciele jêzyka angielskiego dofinansowanie z tej samej fundacji.;0;0;
20;116914;116914;2;0,090819;0,047342;0,059539;0,146347;0,15573;0,124724;0,166652;0,208846;0,529;0,471;0,195;0,173;0,652;0,175;53,4;101,3;26,9;0,0266;-411;55;0,24;0,05;0,53;0,08;0,1;0,35;0,65;0,18;0,27;0,24;0,22;0,07;0,03;0,16;0,39;0,29;0,16;0;0,45;0,05;0,1;0,25;0,09;0,04;0,01;0,01;0,04;0,1;0,03;0,27;0,05;0;0,25;0,09;0,1;0,06;0,01;0,01;0,01;0,01;0,01;0,06;0,07;0,09;0,07;0,07;0,06;0,12;0,13;0,14;0,1;0,04;0;0,01;0,04;0,18;0,68;0,08;0;0,01;1158,49;0,37;0,56;0,66;0,16;612,01;3934,24;4397,29;1490,16;742,12;0;2;2;2;2;;2;17;10,77;14;166;6;26234;7;0;3;20;2;;4;2;1;0;0;2;0;0;17;0;17;0;2;0;9997;0;0;0;0;0;0;0;0;0;0;0;0;0;0;;0;0;
21;292732;292732;2;0,083117;0,040018;0,054346;0,154401;0,153975;0,117992;0,134659;0,261492;0,467;0,533;0,123;0,169;0,665;0,167;50,5;98,7;21,2;0,0198;-188;165;0,31;0,04;0,48;0,08;0,09;0,34;0,66;0,28;0,31;0,2;0,16;0,04;0,01;0,09;0,13;0,35;0,42;0,01;0,54;0,05;0,04;0,21;0,13;0,02;0;0,02;0,11;0,15;0,06;0,17;0,03;0;0,21;0,13;0,04;0,03;0,02;0,06;0,04;0,01;0,02;0,02;0,04;0,05;0,04;0,05;0,04;0,08;0,13;0,15;0,16;0,16;0;0,01;0,02;0,11;0,56;0,23;0,01;0,07;1103,2;0,51;0,65;0,62;0,11;363,31;4263,21;4780,09;1468,31;605,63;99997;1;1;1;2;;1;37;13,37;17;152;16;317167;11;0;3;21;2;;0;9997;40;0;0;10;0;9997;19;1;173;9997;4;2;2;0;2;0;0;0;0;1;2;0;0;0;0;0;0;;0;0;
22;20262;27938;3;0,102692;0,053977;0,06697;0,177178;0,143425;0,128749;0,151621;0,175388;0,486864;0,513136;0,125;0,194;0,657;0,15;52,3;77,2;22,8;0,0223;-83;-9;0,18;0,05;0,69;0,04;0,05;0,41;0,59;0,05;0,35;0,22;0,26;0,1;0,02;0,1;0,37;0,43;0,1;0;0,58;0,03;0,06;0,24;0,08;0,02;0;0;0,01;0,16;0,09;0,28;0,07;0;0,24;0,08;0,06;0,02;0;0;0;0,01;0,01;0;0,04;0,02;0,03;0,05;0,01;0,09;0,19;0,21;0,33;0,01;0;0;0,02;0,1;0,84;0,04;0;0;1125,74;0,72;0,65;0,69;0,21;525,12;2633,29;2500,83;890,26;482,14;0;1;2;2;2;;2;2;16,84;4;196;16;52681;0;1;1;30;2;;0;0;1;2;0;2;0;0;4;0;14;10;0;0;9997;0;1;0;0;0;0;0;0;0;0;0;0;0;0;;0;0;
23;12344;20345;3;0,101548;0,04871;0,059916;0,142443;0,153551;0,122782;0,157827;0,213222;0,528533;0,471467;0,059;0,184;0,631;0,185;58,4;100,1;29,2;0,024;133;5;0,22;0,1;0,36;0,11;0,21;0,4;0,6;0,31;0,39;0,21;0,05;0,04;0;0,17;0,17;0,46;0,2;0;0,59;0,1;0;0,23;0,08;0;0;0;0,04;0,24;0,1;0,3;0;0;0,23;0,08;0;0;0;0;0;0,02;0,04;0,07;0,04;0,02;0;0,06;0,1;0,12;0,12;0,24;0,14;0,04;0;0;0;0,1;0,71;0,18;0;0;1601,97;0,35;0,48;0,18;0,31;900,38;3624,92;3660,96;1133,06;364,39;0;8;2;2;2;;2;4;15,59;5;105;1;8100;0;0;2;50;2;;0;0;0;0;0;3;0;2;2;0;2;0;0;0;9997;0;0;0;0;0;0;0;0;0;0;0;0;0;0;;0;0;
24;46046;59021;5;0,076076;0,043695;0,058702;0,155366;0,147483;0,127459;0,168049;0,223168;0,528211;0,471789;0,194;0,153;0,657;0,19;52,2;124,4;28,9;0,0298;-220;-7;0,22;0,07;0,5;0,1;0,11;0,38;0,62;0,23;0,35;0,29;0,08;0,04;0,01;0,15;0,4;0,26;0,19;0;0,54;0,05;0,05;0,22;0,09;0,03;0;0,02;0,03;0,17;0,06;0,29;0,04;0;0,22;0,09;0,05;0,03;0,02;0;0,02;0,01;0,01;0,04;0,04;0,1;0,05;0,05;0,06;0,12;0,14;0,15;0,19;0,02;0;0,01;0,02;0,22;0,55;0,21;0;0;1115,73;0,5;0,51;0,3;0,39;475,61;2663,28;2652,78;727,2;485,89;0;1;2;2;2;;2;8;12,05;3;180;3;29260;0;0;4;70;2;;20;30;50;20;20;10;0;0;10;0;34;0;1;1;9998;1;1;0;0;0;0;0;0;1;2;0;0;1;2;Szkolenia przygotowuj¹ce dla osób pocz¹tkujacych  i sredniozaawansowanych;0;0;
25;632996;632996;2;0,08507;0,03648;0,046751;0,159769;0,177818;0,111285;0,15669;0,226137;0,47;0,53;0,055;0,147;0,657;0,196;52,2;132,9;29,8;0,0601;284;409;0,36;0,08;0,32;0,1;0,14;0,32;0,68;0,52;0,28;0,13;0,05;0,01;0;0,05;0,27;0,29;0,39;0;0,54;0,04;0,06;0,21;0,12;0,02;0;0;0,13;0,15;0,04;0,2;0,02;0;0,21;0,12;0,06;0,02;0;0,03;0,01;0;0;0,01;0,02;0,05;0,04;0,04;0,05;0,05;0,09;0,1;0,17;0,36;0;0;0,03;0,18;0,57;0,18;0,01;0,03;1239,2;0,38;0,5;0,43;0,19;583,32;5010,18;5191,79;1113,62;396,67;0;1;2;2;1;Romowie;2;55;11,41;47;196;6;4277;6;0;12;330;2;;2;0;0;1;1;0;0;0;10;1;19;0;1;0;9997;2;3;1;4;1;2;1;2;0;0;1;1;1;2;Szkolenia przygotowujace do matury.;1;20;Kompetncje miêkkie.
26;560;5507;4;0,081351;0,062648;0,072272;0,173597;0,121663;0,141638;0,126203;0,220628;0,503;0,497;0,072;0,185;0,62;0,196;61,4;106;31,6;0,023;1;3;0,45;0;0,49;0;0,07;0,26;0,74;0,07;0,14;0,16;0,06;0,35;0,22;0,32;0,36;0,26;0,06;0;0,53;0,04;0,06;0,21;0,16;0;0;0;0;0;0,07;0,06;0,04;0,4;0,21;0,16;0,06;0;0;0;0;0;0,04;0,04;0;0,05;0;0;0,06;0,16;0,1;0,06;0;0,49;0;0;0;0,13;0,8;0,07;0;0;978,49;0,76;0,61;0;0,43;848,7;2835,53;3192,15;1156;505,24;0;2;2;2;2;;2;2;4,6;2;109;2;99999997;0;0;2;8;2;;0;0;0;1;0;1;0;0;0;0;1;0;0;0;9997;0;0;0;0;0;0;0;0;0;0;0;0;0;0;;0;0;
27;627;4533;4;0,09133;0,056475;0,069049;0,157291;0,146923;0,167439;0,124862;0,186631;0,498;0,502;0,089;0,186;0,644;0,17;55,4;91,5;26,5;0,0296;-11;-10;0,37;0;0,49;0,05;0,1;0,26;0,74;0,12;0,29;0,3;0,22;0,08;0;0,26;0,38;0,16;0,18;0,02;0,42;0,04;0,09;0,22;0,11;0,08;0;0,05;0,04;0,05;0;0,16;0,09;0,12;0,22;0,11;0,09;0,08;0,05;0;0,25;0,01;0,01;0,02;0,04;0,02;0,04;0,09;0,06;0,13;0,04;0,02;0,04;0,23;0;0;0;0,09;0,68;0,14;0;0,09;1115,73;0,64;0,46;0,09;0,43;559,83;2442,73;2813,74;1435,29;343,73;0;1;1;1;2;;2;1;13,5;4;173;1;7000;0;0;1;22;1;bd;0;0;2;2;0;2;0;0;0;0;0;0;0;1;9998;0;0;0;0;0;0;0;0;0;0;0;0;0;0;;0;0;
28;79212;79212;2;0,089456;0,047619;0,063488;0,153436;0,150798;0,128794;0,157501;0,208908;0,475988;0,524012;0,181;0,174;0,651;0,176;53,7;101,2;27;0,0223;-471;-4;0,23;0,03;0,65;0,03;0,06;0,37;0,63;0,11;0,31;0,34;0,22;0,02;0;0,12;0,39;0,32;0,15;0,02;0,41;0,06;0,04;0,28;0,11;0,09;0,01;0;0,03;0,1;0,05;0,2;0,05;0,01;0,28;0,11;0,04;0,1;0;0,03;0,03;0;0,01;0,01;0,02;0,04;0,06;0,06;0,07;0,1;0,19;0,22;0,15;0,04;0;0;0;0,08;0,62;0,27;0,01;0,02;1125,74;0,6;0,53;0,62;0,13;631;4275,44;4669,15;1743,5;606,71;0;1;2;2;2;;2;10;11,91;8;202;6;143885;2;0;4;30;2;;3;2;8;0;0;5;0;0;9;0;14;0;0;0;9997;1;1;0;0;1;3;0;0;1;1;0;0;1;3;Projekt adresowany do bezrobotnych kobiet, przygotowanie do: kasjer, magazynier, obs³uga kasy fiskalnej. Projekt dotycz¹cy turystyki i agroturystyki i kuchni regionalnej.  Projekt: rzemios³o artystyczne. wszystkie projekty sa adresowane do bezrobotnych, ktorzy chc¹ otworzyæ dzia³alnoœæ gospodarcz¹.;0;0;
29;1141;4965;4;0,103726;0,06425;0,04572;0,171803;0,131319;0,129507;0,128499;0,225176;0,499;0,501;0,231;0,194;0,605;0,201;65,3;103,3;33,2;0,0226;-27;3;0,39;0;0,48;0,04;0,09;0,49;0,51;0,17;0,21;0,06;0,16;0,21;0,18;0,54;0,07;0,16;0,23;0;0,24;0,05;0,09;0,33;0,29;0;0;0;0,03;0;0;0;0,13;0,13;0,33;0,29;0,09;0;0;0;0;0;0;0,1;0,08;0,03;0,22;0,09;0,06;0;0,09;0,17;0,16;0;0;0;0;0,09;0,67;0,13;0;0,11;1103,2;0,5;0,57;0,05;0,41;811;2904,9;3477,85;1867,03;549,44;1;1;2;2;2;;2;1;6,85;1;54;3;1500;0;0;3;24;2;;0;0;0;1;0;0;0;0;0;0;0;0;0;0;9997;0;0;0;0;0;0;0;0;0;0;0;0;0;0;;0;0;
30;2850;20486;4;0,12633;0,061261;0,070585;0,169384;0,175193;0,128185;0,136581;0,132481;0,496;0,503;0,078;0,229;0,664;0,107;50,5;46,5;16;0,0297;970;3;0,29;0,04;0,62;0,01;0,04;0,33;0,67;0,14;0,19;0,36;0,23;0,06;0,01;0,29;0,31;0,26;0,12;0,01;0,53;0,05;0;0,21;0,15;0,07;0;0;0,04;0,09;0;0,26;0,13;0,06;0,21;0,15;0;0,07;0;0;0,03;0,02;0,03;0,1;0,09;0,04;0,01;0,03;0,06;0,07;0,08;0,11;0,11;0,18;0;0,03;0;0,09;0,83;0,08;0;0;1243,12;0,6;0,58;0,2;0,4;453,02;3214,87;3387,55;1177,03;351,27;0;2;2;2;2;;2;4;12,54;3;49;1;4720;0;0;3;6;2;;1;0;0;1;0;0;0;0;0;0;0;9;0;0;9997;0;0;0;0;0;0;0;0;0;0;0;0;0;0;;0;0;
31;1672;4130;4;0,09201;0,057627;0,065617;0,166586;0,12155;0,128571;0,128814;0,239225;0,487;0,513;0,109;0,188;0,599;0,214;67,1;113,9;35,7;0,0178;2;0;997;997;997;997;997;997;997;997;997;997;997;997;997;997;997;997;997;997;997;997;997;997;997;997;997;997;997;997;997;997;997;997;997;997;997;997;997;997;997;997;997;997;997;997;997;997;997;997;997;997;997;997;997;997;997;997;997;997;997;997;978,49;997;997;997;997;836,16;2853,49;2913,06;1155,27;408,52;0;2;2;2;2;;2;1;11;2;139;1;99999997;0;0;9997;8;1;rosyjski;0;1;0;0;0;4;0;0;0;0;0;2;0;0;9997;0;0;0;0;0;0;0;0;0;0;0;0;0;0;;0;0;
32;580;15158;3;0,101926;0,050732;0,069798;0,164534;0,141575;0,120003;0,145336;0,206096;0,489;0,511;0,104;0,193;0,63;0,177;58,8;91,6;28,1;0,0263;21;5;0,11;0,03;0,59;0,08;0,19;0,59;0,41;0,22;0,44;0,08;0,23;0,04;0;0,25;0,5;0,11;0,14;0;0,38;0,07;0,16;0,39;0;0;0;0;0,04;0,14;0;0,19;0,08;0;0,39;0;0,16;0;0;0;0;0;0;0;0,15;0;0,07;0,21;0,04;0,15;0,16;0,08;0,13;0,03;0;0;0,1;0,31;0,41;0,08;0;0,11;1178,73;0,38;0,38;0,17;0,62;729,16;2584,79;2772,39;1064,8;592,18;0;1;2;2;2;;2;2;9,05;3;142;1;13148;0;1;1;3;2;;2;1;0;1;0;2;0;0;0;0;0;9;0;0;9997;1;1;0;0;0;0;0;0;0;0;0;0;1;20;Ró¿ne poziomy nauki jêzyka angielskiego.;0;0;
33;730;5104;4;0,108738;0,052116;0,061716;0,173785;0,132837;0,125196;0,148511;0,1971;0,511;0,489;0,177;0,197;0,63;0,173;58,8;87,9;27,5;0,0263;-20;0;997;997;997;997;997;997;997;997;997;997;997;997;997;997;997;997;997;997;997;997;997;997;997;997;997;997;997;997;997;997;997;997;997;997;997;997;997;997;997;997;997;997;997;997;997;997;997;997;997;997;997;997;997;997;997;997;997;997;997;997;1178,73;997;997;997;997;823,61;2810,27;3127,06;961,27;559,89;0;2;2;2;2;;2;1;6,27;1;101;1;99999997;0;0;1;10;2;;0;0;0;0;0;0;0;0;0;0;0;0;0;0;9997;0;0;0;0;0;0;0;0;0;0;0;0;0;0;;0;0;
34;112697;112697;2;0,092691;0,047499;0,055636;0,141326;0,159445;0,131503;0,142329;0,229571;0,4764;0,5236;0,116;0,173;0,625;0,202;59,9;117,1;32,3;0,0543;-31;-38;0,23;0,15;0,42;0,09;0,11;0,36;0,64;0,2;0,3;0,26;0,19;0,04;0,01;0,2;0,53;0,22;0,05;0;0,39;0,06;0,09;0,26;0,11;0,08;0;0,01;0;0,06;0,01;0,25;0,08;0;0,26;0,11;0,09;0,08;0,01;0,04;0,02;0,02;0,04;0,04;0,06;0,14;0,08;0,1;0,12;0,11;0,14;0,05;0,04;0,04;0;0;0,01;0,17;0,75;0,05;0;0;1168,42;0,18;0,47;0,3;0,11;536,68;3210,39;3479,53;1300,84;740,18;0;2;1;1;1;Romowie;2;15;13,43;11;149;3;197402;6;0;3;18;2;;25;2;2;7;3;2;0;0;8;1;195;9997;0;0;9997;0;1;0;0;0;0;0;0;0;0;0;0;0;0;;0;0;
35;1118;5273;4;0,114546;0,061824;0,074341;0,191163;0,113408;0,124976;0,140148;0,179594;0,497;0,503;0,177;0,221;0,624;0,156;60,3;70,5;24,9;0,0199;-64;1;0,33;0;0,62;0;0,05;0,2;0,8;0,05;0,15;0,52;0,22;0,06;0;0,06;0,41;0,25;0,28;0;0,51;0,07;0;0,2;0,16;0;0,06;0;0,13;0,05;0,06;0,05;0,07;0,22;0,2;0,16;0;0,06;0;0;0;0;0;0;0;0;0,05;0,16;0,05;0,11;0,05;0,05;0,15;0,38;0;0;0;0,12;0,76;0,12;0;0;978,49;0,78;0,6;0;0,61;776,32;3000;3532,51;1173,33;608,07;0;2;2;2;2;;2;1;15,36;4;185;0;99999997;0;0;2;12;2;;0;2;0;1;0;0;0;0;0;0;9997;0;0;0;9997;0;0;0;0;0;0;0;0;0;0;0;0;0;0;;0;0;
36;120197;120197;2;0,089785;0,044647;0,054992;0,165413;0,153407;0,130149;0,112063;0,249544;0,471;0,529;0,2;0,153;0,648;0,198;54,2;129,6;30,6;0,0357;-522;-100;0,26;0,09;0,43;0,1;0,12;0,39;0,61;0,22;0,29;0,24;0,17;0,06;0,03;0,25;0,5;0,21;0,05;0;0,35;0,05;0,18;0,31;0,07;0,04;0;0;0,01;0,05;0,01;0,24;0,08;0;0,31;0,07;0,18;0,04;0;0,01;0;0,01;0,03;0,05;0,07;0,07;0,06;0,09;0,08;0,16;0,19;0,12;0,04;0,02;0;0;0,06;0,26;0,65;0,02;0;0,01;1239,2;0,16;0,38;0,4;0,21;539,41;2581,82;2863,84;578,49;533,87;99997;1;2;2;1;Romowie;2;15;4,86;15;193;2;16220;1;0;1;1;2;;2;5;12;0;0;4;1;3;7;0;8;25;0;0;9997;3;3;2;3;3;4;2;3;2;3;1;1;0;0;;0;0;
37;3062;6346;5;0,076421;0,050947;0,067276;0,182234;0,127694;0,153821;0,15774;0,183867;0,486;0,514;0,179;0,165;0,673;0,162;48,6;97,8;24;0,0296;-8;-16;0,23;0,17;0,5;0;0,1;0,28;0,72;0,14;0,4;0,42;0,04;0;0;0,29;0,4;0,27;0,04;0;0,58;0,04;0,13;0,1;0,14;0;0;0;0;0,19;0;0,44;0;0;0,1;0,14;0,13;0;0;0;0;0,04;0,04;0,04;0;0,14;0;0;0,04;0,18;0,26;0,1;0,1;0,04;0;0;0,09;0,28;0,35;0,28;0;0;1115,73;0,68;0,45;0;0,73;629,4;2516,86;2945,92;1104,08;574,35;0;1;2;2;2;;2;1;13,4;4;115;1;360;0;0;2;33;2;;0;0;10;0;0;1;0;0;0;1;1;1;0;1;9998;0;0;0;0;0;0;0;0;0;0;0;0;0;0;;0;0;
38;2406;14216;5;0,087929;0,047833;0,057611;0,147158;0,149198;0,128447;0,150957;0,230867;0,4864;0,5136;0,1708;0,17;0,629;0,202;59;118,8;32;0,0271;64;2;997;997;997;997;997;997;997;997;997;997;997;997;997;997;997;997;997;997;997;997;997;997;997;997;997;997;997;997;997;997;997;997;997;997;997;997;997;997;997;997;997;997;997;997;997;997;997;997;997;997;997;997;997;997;997;997;997;997;997;997;1168,42;997;997;997;997;492,35;2509,09;2800,55;977,7;390,76;0;1;2;2;2;;2;4;11,55;1;35;1;2570;0;0;27;9997;2;;5;0;0;1;1;1;5;0;1;0;2;12;0;0;9997;0;0;0;0;0;0;0;0;0;0;0;0;0;0;;0;0;
39;1720398;71080;1;0,108863;0,045456;0,053292;0,137409;0,152026;0,129178;0,158807;0,214969;0,471213;0,528787;0,035;0,185369;0,625914;0,188717;59,8;101,8;30,2;0,033307;209;27;0,25;0,05;0,4;0,16;0,14;0,43;0,57;0,36;0,28;0,28;0,07;0;0;0,08;0,29;0,36;0,26;0;0,66;0,03;0,01;0,21;0,09;0;0;0;0,1;0,2;0,05;0,3;0,02;0;0,21;0,09;0,01;0,01;0;0,02;0,02;0,02;0,02;0,04;0,14;0,05;0,04;0,03;0,03;0,04;0,06;0,1;0,21;0,19;0;0,01;0,03;0,24;0,48;0,2;0;0,04;1601,97;0,52;0,67;0,51;0,27;480,77;6084,93;7084,18;1284,52;441,52;0;1;2;2;2;;2;13;10,66;7;178;6;85129;0;0;2;16;2;;4;1;1;1;2;0;3;1;16;2;27;0;0;0;9997;1;1;1;1;0;0;0;0;0;0;0;0;0;0;;0;0;
40;39702;39702;2;0,087426;0,051282;0,067327;0,177976;0,147247;0,115737;0,156163;0,196841;0,464;0,536;0,185;0,175;0,656;0,169;52,4;96,5;25,8;0,0175;-274;-9;0,34;0,01;0,58;0,04;0,04;0,3;0,7;0,07;0,24;0,32;0,25;0,06;0,06;0,11;0,15;0,37;0,36;0;0,5;0,02;0,06;0,22;0,17;0,03;0,01;0,01;0,12;0,17;0,03;0,18;0,02;0,01;0,22;0,17;0,06;0,04;0,01;0,01;0,03;0,06;0,04;0,06;0,09;0,06;0,01;0,04;0,02;0,11;0,11;0,11;0,1;0,08;0;0,07;0,02;0,23;0,4;0,17;0,01;0,17;907,28;0,72;0,72;0,38;0,22;423,29;2267,71;2426,31;908,85;468,21;10;1;2;2;2;;2;7;7,88;3;138;3;92010;0;0;2;15;2;;2;3;2;2;0;0;0;0;8;0;31;30;1;0;9997;0;2;0;0;0;0;0;0;0;0;0;0;0;0;;0;0;
41;10565;10565;2;0,077047;0,044581;0,063038;0,149929;0,135069;0,136204;0,17009;0,224042;0,4827;0,5173;0,142;0,157;0,646;0,197;54,8;125,7;30,5;0,025;-9;-5;0,32;0,06;0,48;0,08;0,06;0,36;0,64;0,27;0,26;0,22;0,21;0,03;0;0,11;0,32;0,32;0,24;0,01;0,46;0,02;0,05;0,22;0,16;0,08;0;0,01;0,03;0,16;0;0,21;0,06;0;0,22;0,16;0,05;0,08;0,01;0,03;0,03;0,08;0,04;0,03;0,03;0,04;0;0,07;0,03;0,09;0,14;0,15;0,11;0,17;0;0;0;0,16;0,65;0,18;0;0,01;1107,54;0,48;0,63;0,41;0,25;215,39;2438,76;2850,34;1000,2;284,12;0;1;2;2;2;;2;2;10,89;5;319;1;8440;0;0;3;20;2;;0;0;1;0;0;0;0;1;0;1;1;1;0;0;9997;0;1;0;0;0;0;0;0;0;0;0;0;0;0;;0;0;
42;1366;6431;4;0,097963;0,069818;0,074016;0,174467;0,149743;0,136993;0,115068;0,181931;0,492;0,507;0,167;0,207;0,636;0,157;57,1;75,9;24,7;0,0169;-20;2;0,34;0;0,63;0;0,03;0,14;0,86;0,26;0,19;0,09;0,12;0,28;0,08;0,14;0,17;0,3;0,39;0;0,51;0,05;0,05;0,19;0,2;0;0;0;0,08;0,13;0,04;0,11;0,04;0,16;0,19;0,2;0,05;0;0;0;0;0;0;0,06;0;0;0,05;0;0;0;0;0,08;0;0,8;0;0;0,03;0,32;0,59;0,05;0;0;907,28;0,77;0,7;0;0,39;1351,15;3551,26;4282,64;1120,26;631,59;0;2;2;2;2;;2;2;5,98;4;115;1;818;0;0;2;10;2;;0;0;0;1;0;0;0;0;0;0;0;0;0;0;9997;0;0;0;0;0;0;0;0;0;0;0;0;0;0;;0;0;
43;1720398;88864;1;0,069995;0,066943;0,031455;0,125766;0,182714;0,114692;0,14376;0,264676;0,542121;0,457879;0,035;0,125;0,623;0,252;60,5;201,5;40,4;0,033307;81;35;0,17;0,11;0,59;0,05;0,07;0,38;0,62;0,14;0,31;0,49;0,06;0;0;0,07;0,24;0,36;0,33;0;0,75;0,01;0;0,14;0,09;0;0,01;0;0,21;0,25;0,01;0,26;0,01;0;0,14;0,09;0;0,01;0;0,01;0,19;0,02;0,01;0,01;0,13;0,04;0,02;0,03;0,01;0,04;0,05;0,05;0,25;0,14;0;0,02;0,01;0,11;0,59;0,18;0,01;0,1;1601,97;0,57;0,78;0,91;0,03;480,77;6084,93;7084,18;1284,52;441,52;0;1;1;1;2;;2;8;10,29;12;485;2;43518;0;0;2;20;2;;3;1;4;2;0;2;0;1;24;1;31;10;0;0;9997;1;2;0;0;0;0;0;0;0;0;0;0;1;9997;Szkolenia zarówno indywidualne jak i firmowe z zakresu jezyka angielskiego, niemieckiego, rosyjskiego oraz jêzyk polski jako obcy i jêzyk francuski ;1;9997;Indywidualne i firmowe z zakresu jezyka angielskiego, niemieckiego, rosyjskiego, polski jako jêzyk obcy, francuski .
44;703;3808;4;0,140231;0,072742;0,073529;0,174895;0,14312;0,129989;0,140231;0,125263;0,506;0,494;0,142;0,256;0,641;0,103;55,9;40,1;16;0,0266;2;0;0,36;0;0,56;0,05;0,03;0,35;0,65;0,11;0,22;0,19;0,22;0,11;0,15;0,48;0,37;0,12;0,03;0;0,38;0;0,19;0,26;0,07;0,08;0;0,03;0;0;0;0,08;0,04;0,17;0,26;0,07;0,19;0,08;0,03;0,09;0;0;0,03;0,02;0,08;0,11;0,05;0,03;0,02;0,05;0,08;0,2;0,12;0,2;0;0;0,03;0,29;0,66;0,03;0;0;1243,12;0,53;0,55;0;0,58;774,97;2988,15;3841,25;1138,24;660,85;0;2;2;2;2;;2;1;10,63;3;169;1;7586;0;0;3;15;2;;0;0;0;0;0;1;0;0;1;0;1;0;0;0;9997;0;1;0;0;0;0;0;0;0;0;0;0;0;0;;0;0;
45;4454;8859;6;0,114234;0,056666;0,069872;0,167626;0,147421;0,136584;0,139068;0,168529;0,5005;0,4995;0,093;0,212;0,644;0,144;55,3;67,9;22,4;0,0277;10;0;0,22;0,06;0,55;0,07;0,09;0,42;0,58;0,22;0,29;0,26;0,13;0,08;0,02;0,14;0,49;0,3;0,07;0;0,47;0,03;0,02;0,34;0,09;0,05;0,01;0;0;0,07;0,05;0,35;0,01;0;0,34;0,09;0,02;0,06;0;0,01;0,06;0,01;0,02;0,02;0,06;0,04;0,05;0,04;0,07;0,1;0,14;0,19;0,1;0,11;0;0,01;0,12;0,22;0,56;0,07;0;0,04;1168,42;0,43;0,49;0,25;0,31;490,86;2310,67;2264,48;1013,46;356,39;0;1;2;2;2;;2;2;16,7;5;267;1;7900;0;0;3;3;2;;0;3;1;0;0;0;0;1;0;0;1;0;0;0;9997;1;0;0;0;0;0;0;0;0;0;0;0;0;0;;0;0;
46;3647;9141;4;0,100208;0,058199;0,060059;0,153922;0,162564;0,121212;0,160814;0,183022;0,516027;0,483973;0,059;0,193;0,652;0,155;53,3;80,2;23,7;0,024;102;4;0,3;0;0,53;0,1;0,07;0,27;0,73;0,23;0,25;0,36;0,15;0;0;0,07;0,4;0,38;0,16;0;0,68;0,07;0,02;0,09;0,12;0,02;0;0;0,05;0,19;0,07;0,42;0;0;0,09;0,12;0,02;0,02;0;0,02;0,04;0,02;0,02;0,05;0,1;0;0,07;0;0,1;0,09;0,09;0,13;0,23;0,05;0;0;0;0,04;0,71;0,25;0;0;1601,97;0,64;0,55;0,19;0,25;639,26;2950,68;2943,64;1211,73;287,45;0;2;2;2;2;;2;2;20,21;3;161;4;3920;0;0;2;22;2;;0;0;0;1;0;1;0;0;1;0;0;4;0;0;9997;0;0;0;0;0;0;0;0;0;0;0;0;0;0;;0;0;
47;2085;12603;4;0,098389;0,068317;0,080616;0,155995;0,154328;0,142188;0,121876;0,178291;0,497;0,502;0,139;0,214;0,629;0,157;59;73,2;24,9;0,0185;13;7;0,31;0;0,62;0,01;0,06;0,25;0,75;0,06;0,16;0,18;0,23;0,2;0,17;0,1;0,49;0,28;0,12;0;0,42;0,02;0,07;0,23;0,15;0,08;0,02;0;0,03;0,03;0,01;0,27;0,05;0,06;0,23;0,15;0,07;0,11;0;0;0;0;0;0,04;0,08;0,06;0,04;0,1;0,07;0,17;0,09;0,16;0,08;0,1;0;0,01;0;0,28;0,58;0,14;0;0;907,28;0,6;0,51;0,01;0,37;1580,54;3486,89;3667,02;1036,06;1109,52;0;1;2;2;2;;2;2;6,21;6;159;1;80000;0;0;2;10;2;;1;3;1;0;0;1;4;0;0;0;0;1;0;0;9997;1;2;0;0;0;0;0;0;0;0;0;0;1;1;bd;0;0;
48;9216;15898;3;0,118443;0,054535;0,066172;0,177318;0,148069;0,122657;0,144232;0,168575;0,492829;0,507171;0,064;0,211;0,652;0,138;53,5;65,4;21,1;0,023;44;-1;0,19;0,02;0,72;0,07;0;0,5;0,5;0,09;0,23;0,41;0,23;0,02;0,02;0,12;0,52;0,24;0,12;0;0,62;0,05;0,05;0,18;0,09;0;0,01;0;0,06;0,16;0,09;0,29;0,06;0;0,18;0,09;0,05;0,01;0;0;0,03;0,02;0,06;0,13;0;0,09;0,06;0,02;0,02;0,07;0,08;0,18;0,13;0,06;0;0,05;0,02;0,18;0,73;0,07;0;0;1125,74;0,81;0,72;0,25;0,57;335,6;2505,25;3004,99;1324,68;348,08;0;1;2;2;2;;2;1;15,45;5;213;1;10650;0;0;1;38;2;;1;5;4;6;0;0;0;0;3;0;3;9997;0;0;9997;0;0;0;0;0;0;0;0;0;0;0;0;0;0;;0;0;
49;380;3745;4;0,09773;0,065955;0,077437;0,16769;0,130574;0,126569;0,12283;0,211215;0,5;0,5;0,11;0,208;0,608;0,185;64,5;88,8;30,4;0,027;6;0;0,11;0;0,71;0,06;0,12;0,23;0,77;0,04;0,2;0,17;0,17;0,26;0,15;0,23;0,38;0,28;0,12;0;0,43;0;0,06;0,29;0,11;0,11;0;0;0;0,06;0;0;0,05;0,32;0,29;0,11;0,06;0,11;0;0;0;0,06;0;0,04;0;0;0;0,07;0;0;0;0,05;0;0,78;0;0;0,11;0,05;0,71;0,06;0;0,07;978,49;0,83;0,66;0;0,41;1002,4;2640,36;3060,07;1592,38;396,99;0;2;2;2;2;;2;1;5,03;3;239;1;99999997;0;0;0;0;2;;1;0;0;0;0;0;0;0;0;0;0;4;0;0;9997;0;0;0;0;0;0;0;0;0;0;0;0;0;0;;0;0;
50;1359;9898;3;0,107706;0,058493;0,074682;0,178718;0,157781;0,138571;0,142564;0,141485;0,514;0,486;0,217;0,199;0,648;0,154;54,4;77,2;23,7;0,0266;-28;3;997;997;997;997;997;997;997;997;997;997;997;997;997;997;997;997;997;997;997;997;997;997;997;997;997;997;997;997;997;997;997;997;997;997;997;997;997;997;997;997;997;997;997;997;997;997;997;997;997;997;997;997;997;997;997;997;997;997;997;997;1158,49;997;997;997;997;760,48;2777,17;3050,6;778,1;546,44;0;1;2;2;2;;2;1;10,63;1;71;1;15570;0;0;4;22;2;;2;1;0;2;0;2;0;0;0;0;0;4;0;0;9997;0;1;0;0;0;0;0;0;0;0;0;0;0;0;;0;0;
51;2003;5078;4;0,099842;0,064002;0,070697;0,175857;0,148484;0,127215;0,161087;0,152816;0,521;0,479;0,246;0,205;0,669;0,126;49,5;61,2;18,8;0,0383;-28;-4;0,35;0;0,54;0;0,11;0,26;0,74;0,08;0,32;0,22;0,14;0,13;0,11;0,26;0,25;0,42;0,08;0;0,27;0,05;0,13;0,25;0,2;0,04;0,07;0;0,03;0,03;0,03;0,13;0,08;0;0,25;0,2;0,13;0,11;0;0;0;0;0;0,05;0;0;0,04;0,12;0;0,04;0,07;0,3;0,13;0,26;0;0;0;0,2;0,73;0,07;0;0;1153,06;0,71;0,77;0,04;0,89;657,03;2662,08;3591,79;1155,96;585,49;0;2;2;2;2;;2;1;18,2;3;154;0;99999997;0;0;1;64;2;;0;2;0;1;0;0;0;0;0;0;0;0;0;0;9997;0;0;0;0;0;0;0;0;0;0;0;0;0;0;;0;0;
52;1200;4151;4;0,117321;0,065526;0,072994;0,17562;0,14358;0,129848;0,133221;0,161889;0,489;0,511;0,2;0,223;0,643;0,134;55,6;60,2;20,9;0,0228;7;0;0,32;0;0,6;0,08;0;0,21;0,79;0,04;0,25;0,28;0,24;0,14;0,05;0,13;0,51;0,24;0,12;0;0,4;0,04;0;0,23;0,2;0,12;0;0;0,08;0,04;0,08;0,08;0,04;0,11;0,23;0,2;0;0,12;0;0;0;0;0;0,04;0,04;0,13;0;0,21;0,1;0,16;0,1;0,04;0,04;0,14;0;0;0,04;0,24;0,64;0,03;0;0,05;1158,49;0,77;0,47;0;0,34;811;2730,13;3631,29;1198,8;601,68;0;2;2;2;2;;2;1;12,13;1;240;1;200;0;0;1;15;2;;0;0;0;0;0;0;0;1;0;1;3;5;0;0;9997;0;1;0;0;0;0;0;0;0;0;0;0;0;0;;0;0;
53;60743;60743;2;0,095583;0,047775;0,063431;0,175493;0,142403;0,125002;0,161665;0,188647;0,481;0,518;0,139;0,178;0,661;0,162;51,3;91;24,5;0,0185;-213;12;0,22;0,02;0,67;0,05;0,04;0,34;0,66;0,08;0,26;0,29;0,21;0,12;0,03;0,1;0,29;0,38;0,22;0;0,5;0,06;0,09;0,25;0,07;0,02;0;0,01;0,12;0,14;0,02;0,24;0,04;0;0,25;0,07;0,09;0,02;0,01;0;0;0;0,01;0,01;0,04;0,03;0,05;0,06;0,05;0,1;0,22;0,15;0,2;0,07;0;0;0,01;0,17;0,69;0,1;0,01;0,02;907,28;0,64;0,76;0,6;0,27;534,11;2626,51;2507,44;981,03;364,29;0;1;1;1;2;;2;8;11,64;7;278;4;208130;0;0;2;44;2;;1;3;1;0;0;1;4;0;4;0;36;1;1;0;9997;1;2;0;0;0;0;0;0;0;0;0;0;1;1;bd;0;0;
54;5006;5006;4;0,102877;0,062725;0,078905;0,165801;0,130643;0,138434;0,121454;0,199161;0,501;0,499;0,189;0,211;0,612;0,177;63,5;84,1;29;0,0207;6;1;0,24;0,03;0,64;0;0,09;0,37;0,63;0,12;0,16;0,15;0,25;0,17;0,16;0,41;0,34;0,19;0,07;0;0,48;0,03;0,03;0,31;0,15;0;0;0;0;0;0;0,06;0;0,45;0,31;0,15;0,03;0;0;0;0;0;0;0,06;0,03;0,08;0,06;0,04;0,03;0,2;0,04;0,07;0,24;0,14;0;0;0;0,16;0,77;0,07;0;0;1103,2;0,68;0,61;0;0,57;744,13;2978,37;3337,5;1270,57;491,49;0;2;2;2;2;;2;1;6,55;4;85;2;9967;0;0;1;12;2;;0;0;0;0;0;0;0;2;0;0;0;1;0;0;9997;0;0;0;0;0;0;0;0;0;0;0;0;0;0;;0;0;
55;120197;120197;2;0,089785;0,044647;0,054992;0,165413;0,153407;0,130149;0,112063;0,249544;0,471;0,529;0,2;0,153;0,648;0,198;54,2;129,6;30,6;0,0357;-522;-100;0,26;0,09;0,43;0,1;0,12;0,39;0,61;0,22;0,29;0,24;0,17;0,06;0,03;0,25;0,5;0,21;0,05;0;0,35;0,05;0,18;0,31;0,07;0,04;0;0;0,01;0,05;0,01;0,24;0,08;0;0,31;0,07;0,18;0,04;0;0,01;0;0,01;0,03;0,05;0,07;0,07;0,06;0,09;0,08;0,16;0,19;0,12;0,04;0,02;0;0;0,06;0,26;0,65;0,02;0;0,01;1239,2;0,16;0,38;0,4;0,21;539,41;2581,82;2863,84;578,49;533,87;99997;1;2;2;2;;2;15;4,86;15;193;2;16220;1;0;2;80;2;;2;5;12;0;0;4;1;3;7;0;8;25;0;0;9997;3;3;2;3;3;4;2;3;2;3;1;1;0;0;;0;0;
56;12652;12652;5;0,090579;0,042444;0,05841;0,156576;0,156813;0,123538;0,171752;0,199889;0,477;0,523;0,21;0,168;0,664;0,168;50,7;100,3;25,4;0,0254;-21;-8;0,2;0,08;0,63;0,03;0,06;0,47;0,53;0,11;0,4;0,25;0,16;0,06;0,02;0,03;0,66;0,21;0,1;0;0,57;0,04;0,02;0,21;0,14;0;0,03;0;0;0;0,02;0,37;0,05;0,02;0,21;0,14;0,02;0,03;0;0,15;0;0;0;0;0,02;0;0,05;0,01;0,09;0,15;0,29;0,23;0,12;0,04;0;0;0;0,06;0,8;0,14;0;0;1239,2;0,29;0,63;0,23;0,26;509,76;2885,49;3235,06;944,63;375,86;0;1;2;2;2;;2;2;6,46;3;211;1;25198;0;0;2;30;2;;2;2;0;1;0;2;0;1;0;0;0;1;0;0;9997;1;2;1;2;2;9;0;0;2;8;0;0;0;0;;0;0;
57;1500;7217;4;0,119717;0,066371;0,074546;0,174034;0,13676;0,124151;0,133989;0,170431;0,493;0,507;0,289;0,229;0,626;0,146;59,8;63,7;23,3;0,0266;-48;2;0,24;0,02;0,63;0;0,11;0,31;0,69;0,13;0,27;0,16;0,28;0,11;0,04;0,4;0,26;0,25;0,08;0;0,33;0,02;0,01;0,35;0,13;0,14;0;0,03;0,02;0,02;0;0,14;0,04;0,13;0,35;0,13;0,01;0,14;0,03;0;0;0,02;0,02;0,23;0,07;0,03;0,04;0,05;0,02;0,12;0,18;0,08;0,04;0,09;0;0;0,16;0,14;0,57;0,12;0;0,01;1158,49;0,47;0,49;0,04;0,47;849,6;2871,99;2911,43;1027,83;707,95;0;2;2;2;2;;2;2;7,12;1;138;0;99999997;0;0;3;40;2;;0;0;0;1;0;1;0;0;0;0;1;0;0;0;9997;0;0;0;0;0;0;0;0;0;0;0;0;0;0;;0;0;
58;12935;12935;2;0,106146;0,059219;0,068496;0,178508;0,143873;0,131272;0,150445;0,162041;0,524;0,476;0,212;0,204;0,661;0,136;51,4;66,4;20,5;0,0228;-84;2;0,24;0,04;0,56;0,08;0,09;0,35;0,65;0,21;0,45;0,22;0,11;0;0;0,18;0,46;0,31;0,05;0;0,61;0,01;0,04;0,2;0,14;0;0,01;0;0,03;0,15;0;0,33;0,04;0,02;0,2;0,14;0,04;0,01;0;0,04;0;0;0,02;0,03;0,02;0,07;0,06;0,05;0,03;0,11;0,14;0,22;0,05;0,21;0;0;0,03;0,23;0,68;0,04;0;0,01;1158,49;0,54;0,49;0,66;0,23;779,79;2612,86;2824,07;907,44;632,19;0;2;2;2;2;;2;2;5,34;4;162;1;10590;0;0;10;40;2;;2;0;0;1;0;2;0;0;1;0;2;0;0;0;9997;1;0;0;0;0;0;0;0;0;0;0;0;0;0;;0;0;
59;96655;96655;2;0,087755;0,044426;0,056696;0,158595;0,150784;0,123449;0,16622;0,212074;0,469;0,5309;0,123;0,163;0,657;0,18;52,3;110,6;27,5;0,0326;-355;-16;0,32;0,05;0,49;0,09;0,05;0,35;0,65;0,32;0,34;0,23;0,09;0,01;0;0,1;0,22;0,33;0,34;0,01;0,66;0,04;0,03;0,16;0,08;0,01;0,01;0,01;0,07;0,23;0,02;0,25;0,04;0;0,16;0,08;0,03;0,02;0,01;0,1;0,04;0,01;0,02;0,04;0,04;0,03;0,05;0,08;0,11;0,13;0,07;0,14;0,15;0,07;0;0,01;0,01;0,13;0,34;0,12;0;0,39;1243,12;0,34;0,46;0,65;0,11;725;3890,67;4176,59;1559,91;596,02;0;1;2;2;2;;2;13;11,94;9;199;13;59037;1;0;3;20;2;;4;6;4;0;0;1;0;0;16;2;68;0;1;1;1;0;0;0;0;0;0;0;0;0;0;0;0;0;0;;0;0;
60;14810;14810;2;0,081161;0,058744;0,072586;0,179608;0,122485;0,142066;0,17846;0,164889;0,478;0,522;0,094;0,181;0,677;0,142;47,8;78,5;21;0,0207;-110;1;0,45;0,01;0,42;0,07;0,05;0,25;0,75;0,18;0,24;0,22;0,27;0,04;0,06;0,13;0,22;0,42;0,24;0;0,39;0,07;0,05;0,18;0,26;0,04;0;0,01;0,02;0,1;0,07;0,2;0,06;0,01;0,18;0,26;0,05;0,04;0,01;0,01;0,01;0,01;0,02;0,01;0,01;0,05;0,05;0,02;0,05;0,05;0,16;0,14;0,23;0,2;0;0;0,05;0,09;0,57;0,27;0;0,02;1103,2;0,72;0,74;0,46;0,42;647,77;2540,52;2546,31;944,44;444,57;0;1;2;2;2;;2;3;22,11;3;214;1;17910;0;0;3;10;2;;2;2;2;0;0;3;0;0;4;0;1;0;0;0;9997;0;0;0;0;0;0;0;0;0;0;0;0;0;0;;0;0;
61;1039;7568;4;0,125529;0,061179;0,06805;0,156712;0,168208;0,12315;0,129625;0,167548;0,499;0,501;0,177;0,224;0,631;0,146;58,5;65;23,1;0,0263;-56;0;0,35;0;0,5;0;0,16;0,38;0,62;0,16;0,15;0,34;0,12;0,13;0,1;0,13;0,35;0,36;0,14;0,03;0,26;0;0,14;0,27;0,2;0,13;0;0;0;0,05;0,05;0;0,03;0,08;0,27;0,2;0,14;0,13;0;0,06;0,13;0;0;0,06;0;0,05;0;0,03;0;0,03;0,02;0,12;0,14;0,43;0;0;0,03;0,16;0,56;0,08;0,05;0,13;1178,73;0,74;0,65;0,02;0,37;871,89;3191,5;3430,87;942,74;464,97;0;2;2;2;2;;2;1;16,08;2;87;1;3150;0;0;5;10;2;;1;0;0;1;0;0;0;0;0;0;1;2;0;0;9997;0;0;0;0;0;0;0;0;0;0;0;0;0;0;;0;0;
62;1013;6090;4;0,116749;0,060755;0,084072;0,185222;0,141872;0,129885;0,141379;0,140066;0,492775;0,507225;0,136;0,228;0,654;0,118;52,9;52;18,1;0,0223;-33;1;0,33;0,03;0,62;0;0,02;0,27;0,73;0,08;0,13;0,18;0,31;0,18;0,12;0,14;0,29;0,36;0,21;0;0,54;0,05;0,02;0,2;0,1;0,07;0,02;0;0,04;0,13;0,03;0,2;0,02;0,17;0,2;0,1;0,02;0,09;0;0;0;0;0;0,02;0;0,04;0,03;0,06;0,04;0,07;0,2;0,38;0,15;0;0;0;0;0,13;0,82;0,05;0;0;1125,74;0,88;0,69;0;0,53;595,49;2610,76;2742,35;1189,16;478,1;0;2;2;2;2;;2;1;7,09;4;152;1;6951;0;0;9997;9997;2;;3;0;0;0;0;1;0;1;0;0;0;5;0;0;9997;0;0;0;0;0;0;0;0;0;0;0;0;0;0;;0;0;
63;6301;7181;4;0,110152;0,067679;0,081604;0,172399;0,14413;0,118368;0,126584;0,179084;0,489;0,51;0,168;0,225;0,619;0,156;61,6;69,2;25,2;0,0169;-12;0;0,42;0;0,55;0;0,03;0,27;0,73;0,17;0,27;0,1;0,36;0,06;0,04;0,24;0,32;0,31;0,13;0;0,41;0,1;0,1;0,17;0,07;0,13;0,03;0;0,06;0,15;0,03;0,16;0;0,07;0,17;0,07;0,1;0,15;0;0,04;0,03;0;0,13;0,07;0,06;0,11;0,12;0,12;0,1;0,1;0,14;0;0;0;0;0;0,14;0,26;0,57;0,03;0;0;907,28;0,54;0,34;0;0;638,02;2560,55;2360,08;1081,03;640,38;0;1;2;2;2;;2;1;13,7;3;92;1;5928;0;0;3;15;2;;1;1;0;2;0;2;0;0;0;0;0;6;0;0;9997;0;1;0;0;0;0;0;0;0;0;0;0;0;0;;0;0;
64;4264;18051;4;0,138829;0,061437;0,060661;0,145643;0,207135;0,127306;0,129522;0,129467;0,489225;0,510775;0,035;0,235;0,66;0,105;51,5;44,4;15,8;0,0223;797;0;0,23;0,05;0,66;0,01;0,05;0,32;0,68;0,06;0,3;0,18;0,31;0,09;0,05;0,14;0,54;0,24;0,08;0;0,54;0,03;0,04;0,14;0,09;0,12;0,04;0;0,01;0,15;0,07;0,31;0,01;0,01;0,14;0,09;0,04;0,16;0;0,01;0;0;0,02;0,01;0,01;0,03;0,04;0,07;0,03;0,04;0,07;0,17;0,1;0,39;0;0,01;0,01;0,2;0,6;0,11;0,03;0,05;1125,74;0,78;0,61;0,06;0,49;263,52;3140,93;3407,13;1129,94;223,88;0;1;2;2;8;;2;2;11,55;3;125;1;99999997;0;0;1;48;2;;0;0;0;1;1;1;1;0;2;0;11;0;0;0;9997;0;0;0;0;0;0;0;0;0;0;0;0;0;0;;0;0;
65;2763;13263;3;0,128478;0,062957;0,087009;0,161728;0,147101;0,131494;0,118148;0,163085;0,4967;0,5033;0,088;0,242;0,616;0,142;62,4;58,9;23,1;0,0191;31;10;997;997;997;997;997;997;997;997;997;997;997;997;997;997;997;997;997;997;997;997;997;997;997;997;997;997;997;997;997;997;997;997;997;997;997;997;997;997;997;997;997;997;997;997;997;997;997;997;997;997;997;997;997;997;997;997;997;997;997;997;1107,54;997;997;997;997;604,79;2767,33;3194,65;1296,41;416,95;0;2;2;2;2;;2;4;16,21;3;129;5;6342;0;0;5;15;2;;2;2;0;1;0;1;0;0;0;0;0;0;0;0;9997;0;0;0;0;0;0;0;0;0;0;0;0;0;0;;0;0;
66;737098;737098;2;0,077443;0,036043;0,046457;0,142411;0,157516;0,115761;0,17227;0,252099;0,454;0,546;0,1;0,139;0,643;0,218;55,5;156,2;33,8;0,0392;-1563;-106;0,29;0,07;0,4;0,12;0,12;0,37;0,63;0,36;0,33;0,18;0,09;0,02;0,01;0,1;0,2;0,37;0,31;0,01;0,56;0,06;0,05;0,22;0,08;0,01;0;0,02;0,07;0,19;0,05;0,24;0,03;0;0,22;0,08;0,05;0,02;0,02;0,05;0,04;0,02;0,03;0,04;0,05;0,07;0,06;0,06;0,05;0,07;0,1;0,1;0,14;0,17;0;0,01;0,03;0,13;0,55;0,21;0,01;0,08;1178,73;0,35;0,57;0,72;0,11;478,29;3443,06;3707,64;999,9;558,14;99997;1;2;2;2;;2;68;12,71;82;163;32;312676;4;3;2;37;2;;72;29;60;9997;9997;9997;9997;9;106;10;1045;9;6;1;12;1;4;1;2;2;9997;0;0;0;0;0;0;1;2;Profesjonalna obs³uga klienta w jezyku polskim i angielskim.;0;0;
67;306826;306826;2;0,080717;0,040042;0,054311;0,15659;0,142517;0,129497;0,160117;0,236209;0,472;0,528;0,038;0,151;0,643;0,207;55,6;137,6;32,2;0,0543;-947;-131;0,25;0,1;0,45;0,1;0,11;0,38;0,62;0,21;0,26;0,22;0,19;0,07;0,04;0,24;0,44;0,21;0,11;0;0,35;0,08;0,08;0,28;0,1;0,09;0,01;0,01;0,01;0,06;0,03;0,23;0,06;0;0,28;0,1;0,08;0,1;0,01;0,03;0,01;0,01;0,01;0,04;0,05;0,06;0,04;0,07;0,05;0,11;0,21;0,17;0,1;0,05;0;0,01;0,04;0,3;0,59;0,06;0;0,01;1168,42;0,23;0,45;0,24;0,21;365,06;4329,54;4607,04;1253,31;445,89;0;1;1;1;2;;2;35;12,78;37;322;29;374911;12;0;5;107;2;;12;5;3;6;3;1;0;93;52;1;765;94;2;1;3;0;0;1;1;0;0;0;0;0;0;0;0;0;0;;0;0;
68;1720398;123473;1;0,088173;0,038753;0,043167;0,121606;0,191135;0,122278;0,135058;0,25983;0,537486;0,462514;0,035;0,152;0,622;0,226;60,8;148,1;36,3;0,033307;94;4;0,26;0,09;0,39;0,12;0,14;0,37;0,63;0,32;0,3;0,27;0,11;0,01;0;0,08;0,29;0,44;0,18;0;0,63;0,03;0;0,21;0,09;0,01;0,02;0;0,07;0,19;0,04;0,31;0,02;0;0,21;0,09;0;0,03;0;0,03;0,03;0,02;0,02;0,05;0,21;0,07;0,03;0,04;0,03;0,05;0,07;0,09;0,19;0,09;0;0,02;0,03;0,3;0,41;0,2;0,01;0,05;1601,97;0,38;0,57;0,65;0,07;480,77;6084,93;7084,18;1284,52;441,52;0;1;1;1;1;Romowie;1;7;14,74;16;174;3;36439;0;0;2;15;2;;6;3;0;0;0;6;0;0;20;2;24;0;0;0;9997;0;0;0;0;0;0;0;0;0;0;0;0;0;0;;0;0;
69;9094;14375;3;0,096417;0,045496;0,056765;0,164243;0,141496;0,115478;0,180383;0,199722;0,479;0,52;0,27;0,174;0,66;0,166;51,6;95,2;25,2;0,0319;21;1;0,19;0,11;0,37;0,13;0,19;0,54;0,46;0,26;0,46;0,14;0,12;0,02;0;0,31;0,38;0,22;0,1;0;0,27;0,1;0,03;0,49;0,07;0,02;0;0,02;0,04;0,04;0,02;0,15;0,12;0;0,49;0,07;0,03;0,02;0,02;0;0,11;0;0,03;0,02;0,09;0,06;0,05;0,15;0,08;0,15;0,1;0,09;0;0,07;0;0;0,02;0,13;0,78;0,04;0;0,03;1186,91;0,35;0,32;0,24;0,3;512,03;2910,49;2848,39;793,36;501,37;0;1;2;2;2;;2;1;22,18;3;194;1;5222;3;0;1;4;2;;0;0;1;2;1;1;0;0;4;0;4;0;0;0;9997;0;0;0;0;0;0;0;0;0;0;0;0;0;0;;0;0;
70;737098;737098;2;0,077443;0,036043;0,046457;0,142411;0,157516;0,115761;0,17227;0,252099;0,454;0,546;0,1;0,139;0,643;0,218;55,5;156,2;33,8;0,0392;-1563;-106;0,29;0,07;0,4;0,12;0,12;0,37;0,63;0,36;0,33;0,18;0,09;0,02;0,01;0,1;0,2;0,37;0,31;0,01;0,56;0,06;0,05;0,22;0,08;0,01;0;0,02;0,07;0,19;0,05;0,24;0,03;0;0,22;0,08;0,05;0,02;0,02;0,05;0,04;0,02;0,03;0,04;0,05;0,07;0,06;0,06;0,05;0,07;0,1;0,1;0,14;0,17;0;0,01;0,03;0,13;0,55;0,21;0,01;0,08;1178,73;0,35;0,57;0,72;0,11;478,29;3443,06;3707,64;999,9;558,14;99997;1;2;2;2;;2;68;12,71;82;163;32;312676;4;0;2;10;2;;72;29;60;9997;9997;9997;9997;9;106;10;1045;9;6;1;12;1;4;1;2;2;9997;0;0;0;0;0;0;1;2;Profesjonalna obs³uga klienta w jezyku polskim i angielskim.;0;0;
71;217638;217638;2;0,077372;0,037824;0,048254;0,149404;0,159517;0,12076;0,184853;0,222015;0,474;0,526;0,139;0,143;0,671;0,187;49,1;131,1;27,8;0,0384;-935;-41;0,22;0,07;0,48;0,13;0,09;0,41;0,59;0,25;0,3;0,24;0,16;0,04;0,01;0,16;0,44;0,3;0,09;0;0,42;0,06;0,09;0,28;0,08;0,06;0,01;0,01;0,02;0,08;0,01;0,27;0,06;0;0,28;0,08;0,09;0,06;0,01;0,04;0,06;0,03;0,03;0,04;0,04;0,06;0,05;0,07;0,08;0,09;0,13;0,12;0,16;0,03;0;0;0,05;0,29;0,62;0,05;0;0;1168,42;0,32;0,45;0,3;0,22;370,04;2836,38;2943,83;1107;460,36;0;1;2;2;2;;2;29;16,24;22;198;6;26817;4;0;5;50;1;niemiecki;6;6;12;0;0;0;0;0;10;1;447;0;4;0;9997;0;3;0;0;0;0;0;0;0;0;0;0;1;2;Szkolenia dla sta¿ystów.;0;0;
72;8227;11848;3;0,099426;0,054018;0,067353;0,193366;0,12846;0,1342;0,184419;0,138758;0,498;0,502;0,118;0,191;0,696;0,112;43,6;58,6;16,1;0,0224;-92;2;0,33;0;0,54;0,09;0,04;0,19;0,81;0,12;0,2;0,29;0,16;0,2;0,04;0,21;0,3;0,33;0,16;0;0,4;0,1;0;0,15;0,25;0,06;0,04;0;0;0,11;0;0,33;0,07;0;0,15;0,25;0;0,09;0;0;0,32;0;0;0;0;0,04;0,08;0,13;0;0,04;0,17;0,12;0,11;0;0;0;0;0,2;0,8;0;0;0;1026,36;0,36;0,6;0,38;0,06;2318,81;6390,49;6988,46;1553,02;1760,74;5;1;2;2;2;;2;2;14,94;2;165;1;6566;1;0;2;24;2;;2;1;1;1;1;2;1;2;0;0;9997;10;0;0;9997;0;0;0;0;0;0;0;0;0;0;0;0;0;0;;0;0;
73;6154;12217;3;0,088565;0,054432;0,089465;0,153802;0,12147;0,130801;0,157977;0,203487;0,513465;0,486535;0,265;0,196;0,628;0,176;59,2;90,2;28,1;0,021973;-61;1;0,31;0;0,56;0,06;0,06;0,27;0,73;0,2;0,22;0,28;0,16;0,09;0,05;0,09;0,28;0,36;0,24;0,04;0,36;0,08;0,11;0,23;0,19;0,01;0;0,01;0,01;0,08;0,09;0,17;0,03;0;0,23;0,19;0,11;0,01;0,01;0,05;0,01;0,03;0;0,03;0,06;0,04;0,06;0,12;0,1;0,11;0,14;0,1;0,07;0,11;0;0,01;0;0,18;0,64;0,18;0;0;1601,97;0,49;0,5;0,3;0,26;757,98;2529,74;3006,21;875,17;372,62;0;2;2;2;2;;2;2;19,16;7;230;1;684;0;0;1;14;2;;0;0;0;0;0;0;0;0;2;0;0;0;0;0;9997;0;0;0;0;0;0;0;0;0;0;0;0;0;0;;0;0;
74;737098;737098;2;0,077443;0,036043;0,046457;0,142411;0,157516;0,115761;0,17227;0,252099;0,454;0,546;0,1;0,139;0,643;0,218;55,5;156,2;33,8;0,0392;-1563;-106;0,29;0,07;0,4;0,12;0,12;0,37;0,63;0,36;0,33;0,18;0,09;0,02;0,01;0,1;0,2;0,37;0,31;0,01;0,56;0,06;0,05;0,22;0,08;0,01;0;0,02;0,07;0,19;0,05;0,24;0,03;0;0,22;0,08;0,05;0,02;0,02;0,05;0,04;0,02;0,03;0,04;0,05;0,07;0,06;0,06;0,05;0,07;0,1;0,1;0,14;0,17;0;0,01;0,03;0,13;0,55;0,21;0,01;0,08;1178,73;0,35;0,57;0,72;0,11;478,29;3443,06;3707,64;999,9;558,14;99997;1;1;1;2;;2;68;12,71;82;163;32;312676;4;0;1;35;2;;72;29;60;9997;9997;9997;9997;9;106;10;1045;9;6;1;12;1;4;1;2;2;9997;0;0;0;0;0;0;1;2;Profesjonalna obs³uga klienta w jezyku polskim i angielskim.;0;0;
75;292732;292732;2;0,083117;0,040018;0,054346;0,154401;0,153975;0,117992;0,134659;0,261492;0,467;0,533;0,123;0,169;0,665;0,167;50,5;98,7;21,2;0,0198;-188;165;0,31;0,04;0,48;0,08;0,09;0,34;0,66;0,28;0,31;0,2;0,16;0,04;0,01;0,09;0,13;0,35;0,42;0,01;0,54;0,05;0,04;0,21;0,13;0,02;0;0,02;0,11;0,15;0,06;0,17;0,03;0;0,21;0,13;0,04;0,03;0,02;0,06;0,04;0,01;0,02;0,02;0,04;0,05;0,04;0,05;0,04;0,08;0,13;0,15;0,16;0,16;0;0,01;0,02;0,11;0,56;0,23;0,01;0,07;1103,2;0,51;0,65;0,62;0,11;363,31;4263,21;4780,09;1468,31;605,63;99997;1;2;2;2;;1;37;13,37;17;152;16;317167;11;0;7;49;2;;0;9997;40;0;0;10;0;9997;19;1;173;9997;4;2;2;0;2;0;0;0;0;1;2;0;0;0;0;0;0;;0;0;
76;756183;756183;2;0,088054;0,03908;0,050414;0,162519;0,173908;0,119266;0,145703;0,221056;0,4673;0,5327;0,047;0,155;0,652;0,194;53,4;125,3;29,7;0,0441;110;306;0,33;0,08;0,36;0,1;0,13;0,33;0,67;0,39;0,3;0,2;0,08;0,02;0,01;0,06;0,19;0,35;0,39;0,01;0,55;0,08;0,03;0,21;0,1;0,02;0,01;0,01;0,09;0,18;0,07;0,21;0,03;0;0,21;0,1;0,03;0,02;0,01;0,05;0,04;0,03;0,02;0,03;0,05;0,06;0,05;0,05;0,04;0,06;0,08;0,09;0,15;0,23;0;0;0,02;0,19;0,55;0,2;0,01;0,03;1107,54;0,42;0,64;0,36;0,18;749,33;4479,95;4453,06;1209,7;530,17;99997;1;2;2;2;;2;88;13,31;71;278;77;1478463;40;0;2;114;2;;7;2;2;0;0;1;1;0;72;14;86;0;6;4;19;1;1;1;3;1;1;0;0;0;0;0;0;1;9997;Regularna nauka jezyka;0;0;
77;1161;8501;4;0,108105;0,068933;0,080108;0,177626;0,142689;0,126338;0,135984;0,160216;0,501;0,498;0,201;0,222;0,641;0,137;56;61,9;21,4;0,0175;2;9;0,23;0,02;0,69;0;0,06;0,39;0,61;0;0,25;0,15;0,28;0,22;0,11;0,21;0,34;0,27;0,18;0;0,29;0;0,11;0,31;0,16;0,12;0;0;0;0,04;0,02;0,13;0,02;0,08;0,31;0,16;0,11;0,12;0;0;0,02;0,02;0,04;0,02;0,04;0,11;0,06;0,15;0,21;0,14;0,02;0,06;0,08;0,02;0;0;0;0,17;0,77;0,06;0;0;907,28;0,73;0,56;0;0,25;538,95;2505,86;2948,55;961,85;503,48;0;1;1;1;2;;2;2;10,06;5;94;11;4060;0;0;0;0;2;;10;2;6;0;0;10;4;0;0;0;0;10;0;0;9997;1;2;1;0;0;0;0;0;0;0;0;0;1;9997;Ci¹gla nauka jêzyka dla dzieci.;0;0;
78;84537;84537;2;0,102641;0,053196;0,068219;0,167891;0,151709;0,127991;0,141335;0,187019;0,4792;0,5208;0,098;0,194;0,645;0,161;55;83,3;25;0,0274;-350;-23;0,37;0,02;0,47;0,05;0,08;0,37;0,63;0,13;0,3;0,27;0,22;0,06;0,01;0,13;0,24;0,37;0,26;0;0,5;0,04;0,05;0,21;0,15;0,03;0,01;0,01;0,03;0,19;0,04;0,19;0,06;0;0,21;0,15;0,05;0,04;0,01;0,03;0,02;0,01;0,02;0,03;0,03;0,03;0,04;0,05;0,04;0,11;0,13;0,17;0,26;0,05;0;0,01;0,01;0,38;0,55;0,05;0;0;1107,54;0,57;0,63;0,3;0,51;884,89;4306,11;4542,5;1793,01;868,42;0;1;2;2;1;Romowie;2;13;12,49;8;264;6;222293;3;0;1;18;2;;15;10;20;5;2;5;2;0;10;0;10;0;1;1;9998;3;3;0;0;1;1;0;0;1;2;0;0;1;2;Szkolenia dla plastyków.;0;0;
79;5155;6748;4;0,112033;0,064019;0,067279;0,171903;0,153972;0,120184;0,122407;0,188204;0,492;0,507;0,168;0,214;0,623;0,163;60,6;76,4;26,2;0,0169;-4;4;0,27;0;0,67;0,04;0,03;0,22;0,78;0,07;0,2;0,13;0,14;0,19;0,26;0,15;0,45;0,32;0,08;0;0,42;0,14;0,15;0,22;0,07;0;0;0;0,02;0,03;0;0,26;0,08;0,17;0,22;0,07;0,15;0;0;0;0;0;0;0,1;0,07;0,05;0,06;0,23;0,03;0,3;0;0,02;0,1;0,03;0;0;0,03;0,35;0,61;0;0;0;907,28;0,72;0,44;0;0,29;880,67;2962,4;3264,89;1155,21;490,88;10;2;2;2;2;;2;1;16,06;2;189;1;6775;0;0;2;5;2;;0;2;4;0;0;1;0;0;1;0;1;0;0;0;9997;0;0;0;0;0;0;0;0;0;0;0;0;0;0;;0;0;
80;1858;51970;3;0,110256;0,055609;0,066154;0,151029;0,16802;0,130518;0,140158;0,178257;0,4844;0,5156;0,109;0,205;0,642;0,154;55,8;75,1;24;0,0191;715;16;0,37;0,03;0,43;0,07;0,1;0,31;0,69;0,32;0,41;0,18;0,08;0,02;0;0,08;0,43;0,28;0,21;0;0,52;0,14;0,03;0,23;0,04;0,03;0,02;0;0,06;0,13;0,06;0,33;0,05;0,01;0,23;0,04;0,03;0,05;0;0,02;0,09;0,05;0,03;0,05;0,1;0,02;0,03;0,07;0,02;0,04;0,04;0,04;0,18;0,25;0;0;0,03;0,2;0,58;0,16;0,01;0,02;1107,54;0,41;0,57;0,12;0,27;625,14;2482,95;2895,06;1036,65;358,32;0;1;2;2;1;Romowie;2;6;16,36;9;104;1;30720;2;0;2;17;2;;7;20;5;1;1;5;5;9;3;0;3;3;0;0;9997;1;1;0;0;1;9997;0;0;1;9997;0;0;1;9997;Szkolenia jêzyka angielskiego, je¿eli jest praca dla osoby bezrobotnej i wymaga ona szkolenia.;0;0;
81;897;8441;4;0,093472;0,053074;0,069423;0,146902;0,138609;0,122971;0,150812;0,224736;0,495;0,505;0,089;0,187;0,617;0,196;62,1;104,6;31,8;0,0296;-15;0;0,35;0;0,58;0,02;0,06;0,3;0,7;0,18;0,31;0,29;0,17;0,05;0;0,29;0,3;0,17;0,25;0;0,56;0;0,03;0,27;0,13;0,02;0;0;0,09;0,05;0,1;0,06;0,08;0,19;0,27;0,13;0,03;0,02;0;0;0,05;0;0,06;0,15;0,02;0,06;0,1;0,03;0,12;0,06;0,16;0,07;0,06;0,05;0;0,03;0;0,11;0,74;0,11;0;0,03;1115,73;0,75;0,51;0,04;0,55;631,69;2702,19;2663,57;970,63;354,97;0;1;2;2;2;;2;2;6,04;5;223;1;14820;0;0;3;34;2;;1;2;1;3;0;0;0;0;0;0;4;0;0;1;9998;0;2;0;0;0;0;0;0;0;0;0;0;0;0;;0;0;
82;3520;8652;4;0,127118;0,06305;0,073236;0,164004;0,179981;0,133337;0,131514;0,127761;0,505;0,495;0,177;0,232;0,665;0,103;50,3;44,3;15,5;0,0306;105;3;0,29;0;0,63;0,01;0,08;0,28;0,72;0,15;0,41;0,24;0,17;0,04;0;0,17;0,43;0,29;0,1;0;0,63;0;0,02;0,13;0,13;0,08;0,01;0;0,01;0,1;0,08;0,24;0,09;0,11;0,13;0,13;0,02;0,1;0;0;0;0;0;0,01;0,01;0,06;0,04;0,06;0,04;0,14;0,17;0,17;0,04;0,26;0;0;0,03;0,15;0,68;0,13;0,01;0;1158,49;0,64;0,54;0,16;0,38;459,7;2407,8;2538,91;1006,6;395,42;0;2;2;2;2;;2;2;21,56;5;122;0;99999997;0;0;1;15;2;;3;0;0;1;1;2;0;0;3;0;3;8;0;0;9997;0;0;0;0;0;0;0;0;0;0;0;0;0;0;;0;0;
83;14041;14041;2;0,095791;0,051207;0,061605;0,164661;0,144363;0,147354;0,139662;0,195356;0,4862;0,5138;0,101;0,182;0,644;0,174;55,2;95,6;27;0,0285;-21;4;0,29;0,06;0,41;0,07;0,17;0,34;0,66;0,2;0,17;0,41;0,22;0;0;0,23;0,61;0,14;0,02;0;0,25;0,09;0,03;0,31;0,08;0,24;0;0;0;0,03;0;0,25;0,06;0;0,31;0,08;0,03;0,24;0;0;0,14;0;0,02;0;0,02;0;0,12;0,08;0,13;0,2;0,17;0,03;0,07;0;0;0;0;0,27;0,73;0;0;0;1168,42;0,32;0,55;0,2;0,5;490,86;2310,67;2264,48;881,2;299,88;0;2;2;2;2;;2;1;26,13;3;119;1;7087;0;0;3;15;2;;0;1;1;3;0;3;0;0;3;0;15;0;0;0;9997;0;0;0;0;0;0;0;0;0;0;0;0;0;0;;0;0;
84;1558;6461;4;0,134809;0,062684;0,070268;0,175824;0,148893;0,12057;0,136357;0,150596;0,514;0,486;0,152;0,237;0,633;0,129;57,9;54,5;20,4;0,0266;4;1;0,27;0;0,58;0,05;0,11;0,36;0,64;0,21;0,16;0,12;0,26;0,15;0,1;0,24;0,35;0,36;0,04;0;0,44;0,05;0,17;0,31;0,04;0;0;0;0,04;0,04;0;0,08;0,09;0,23;0,31;0,04;0,17;0;0;0;0;0;0;0,21;0;0;0,03;0;0,03;0;0,13;0,21;0,33;0,04;0;0;0;0,43;0,41;0,16;0;0;1243,12;0,68;0,46;0;0,62;743,15;3084,61;3200,63;1145,72;611,56;0;2;2;2;2;;2;2;9,07;3;82;1;99999997;0;0;2;12;2;;0;0;0;0;0;0;0;0;0;0;0;4;0;0;9997;0;0;0;0;0;0;0;0;0;0;0;0;0;0;;0;0;
85;405606;405606;2;0,085277;0,041198;0,053382;0,155306;0,166889;0,115025;0,162752;0,220172;0,474;0,526;0,097;0,157;0,656;0,188;52,5;120;28,6;0,044;-464;174;0,35;0,08;0,4;0,1;0,08;0,36;0,64;0,41;0,31;0,18;0,08;0,02;0;0,06;0,22;0,33;0,38;0,02;0,55;0,04;0,05;0,17;0,15;0,01;0,01;0,01;0,06;0,17;0,07;0,22;0,03;0;0,17;0,15;0,05;0,02;0,01;0,04;0,02;0,03;0,04;0,06;0,07;0,08;0,1;0,09;0,07;0,06;0,09;0,08;0,09;0,09;0;0,02;0,02;0,1;0,55;0,28;0,01;0,04;1186,91;0,45;0,63;0,74;0,24;381,5;3166,88;3672,02;1145,94;472,28;0;1;2;2;2;;2;49;11,55;36;202;30;386936;15;0;4;10;2;;23;20;40;0;0;1;0;27;27;1;42;9997;4;3;9998;1;2;1;4;0;0;0;0;0;0;0;0;1;9997;Szkolenia rozszerzaj¹ce lub jako dodatkowy jêzyk.;0;0;
86;98757;98757;2;0,101914;0,050295;0,063247;0,164684;0,150864;0,130741;0,125457;0,212798;0,524;0,476;0,225;0,18;0,645;0,175;55;97,5;27,1;0,0228;-243;-50;0,27;0,02;0,56;0,08;0,07;0,36;0,64;0,19;0,31;0,24;0,18;0,08;0;0,1;0,23;0,32;0,35;0;0,67;0,01;0,02;0,18;0,1;0,01;0,01;0;0,2;0,18;0,06;0,2;0,02;0;0,18;0,1;0,02;0,01;0;0,01;0,01;0;0;0,02;0,04;0,01;0,02;0,05;0,03;0,07;0,08;0,1;0,19;0,35;0;0,02;0,01;0,06;0,55;0,39;0;0;1158,49;0,71;0,77;0,69;0,26;806,02;3647,71;3959,31;1208,04;787,99;0;2;2;2;2;;2;11;16,8;10;142;2;118333;2;0;1;10;2;;0;0;0;0;0;0;0;0;22;0;65;0;0;0;9997;0;0;0;0;0;0;0;0;0;0;0;0;0;0;;0;0;
87;26753;26753;2;0,13135;0,063357;0,062834;0,138826;0,200949;0,139723;0,127126;0,135835;0,523941;0,476059;0,127;0,232;0,653;0,115;53,2;49,6;17,6;0,024;510;4;0,28;0,06;0,47;0,09;0,1;0,3;0,7;0,29;0,19;0,23;0,21;0,04;0,03;0,13;0,25;0,42;0,2;0;0,55;0,1;0,03;0,2;0,08;0,02;0,01;0,01;0,04;0,17;0,08;0,32;0,05;0;0,2;0,08;0,03;0,03;0,01;0;0;0,01;0,02;0,02;0,02;0,07;0,02;0,05;0,09;0,06;0,15;0,23;0,17;0,1;0;0;0,03;0,21;0,54;0,19;0,03;0;1601,97;0,42;0,6;0,32;0,28;234,99;2534,7;2750,75;1212,96;301,03;0;2;2;2;1;Romowie;2;4;6,51;3;133;1;11894;1;0;2;50;2;;2;0;2;3;0;3;0;0;6;0;9;6;0;0;9997;0;0;0;0;0;0;0;0;0;0;0;0;0;0;;0;0;
88;14020;24215;3;0,104026;0,054966;0,070328;0,160603;0,143465;0,127483;0,152178;0,18695;0,511;0,489;0,215;0,198;0,646;0,156;54,8;78,5;24,1;0,0266;-50;5;0,29;0,04;0,6;0;0,07;0,48;0,52;0,12;0,41;0,27;0,13;0,05;0,02;0,11;0,36;0,39;0,15;0;0,44;0,06;0,08;0,22;0,15;0,05;0;0;0,02;0,09;0,05;0,27;0,04;0;0,22;0,15;0,08;0,05;0;0,02;0,49;0;0,05;0,04;0;0;0,05;0;0,07;0,07;0,07;0,1;0,03;0,03;0;0;0,02;0,13;0,73;0,11;0;0,01;1158,49;0,37;0,37;0,11;0,27;598,09;2542,68;2939,45;867,31;547,98;0;2;2;2;2;;2;6;17,6;4;156;1;7020;0;0;1;7;2;;0;1;1;1;1;1;1;1;1;1;6;1;0;0;9997;2;2;0;0;1;1;0;0;0;0;0;0;0;0;;0;0;
89;1271;24317;3;0,114241;0,059259;0,069704;0,175926;0,137147;0,118024;0,155282;0,170416;0,49;0,51;0,215;0,216;0,642;0,143;55,9;66,2;22,3;0,028;-127;-13;0,31;0,01;0,41;0,14;0,13;0,43;0,57;0,27;0,33;0,14;0,2;0,07;0;0,24;0,24;0,31;0,21;0;0,33;0,08;0,13;0,31;0,11;0,03;0;0,01;0,01;0,13;0;0,16;0,09;0;0,31;0,11;0,13;0,03;0,01;0,01;0,07;0,04;0,07;0,05;0,11;0,05;0,02;0,05;0,05;0,06;0,05;0,07;0,02;0,28;0;0;0,12;0,22;0,47;0,17;0,01;0,01;1103,39;0,37;0,44;0,41;0,23;836,28;2937,43;3564,93;1272,83;876,65;300;2;2;2;2;;2;3;19,42;5;220;1;21731;0;0;0;0;2;;0;0;0;2;0;1;0;1;0;0;0;14;0;0;9997;1;2;0;0;0;0;0;0;1;2;0;0;0;0;;0;0;
90;391;5935;4;0,110868;0,061331;0,079191;0,189217;0,136479;0,12401;0,141533;0,157372;0,491828;0,508172;0,127;0,218;0,644;0,138;55,3;63;21,4;0,024;-8;1;0,3;0;0,59;0,04;0,07;0,22;0,78;0,12;0,15;0,44;0,17;0,04;0,09;0,35;0,25;0,29;0,11;0;0,49;0;0,08;0,22;0,17;0,03;0;0;0,11;0;0;0,12;0,04;0,22;0,22;0,17;0,08;0,03;0;0;0;0;0;0,12;0,04;0;0;0;0;0,11;0,09;0,34;0,28;0,04;0;0;0,04;0,12;0,7;0,1;0;0,04;1601,97;0,57;0,52;0;0,35;540,43;2327,79;2605,94;1347,2;468,54;0;2;2;2;2;;2;1;17,2;3;104;1;99999997;0;0;1;13;2;;0;0;0;0;0;0;0;0;0;0;0;7;0;0;9997;0;0;0;0;0;0;0;0;0;0;0;0;0;0;;0;0;
91;125710;125710;2;0,080423;0,039329;0,051682;0,168785;0,161467;0,121621;0,160266;0,216427;0,47;0,53;0,064;0,147;0,667;0,186;50,1;126,6;28;0,0296;-96;-63;0,3;0,1;0,42;0,1;0,08;0,36;0,64;0,25;0,31;0,23;0,18;0,01;0,01;0,11;0,23;0,31;0,35;0;0,56;0,06;0,01;0,19;0,14;0,02;0;0,01;0,04;0,19;0,11;0,19;0,03;0;0,19;0,14;0,01;0,02;0,01;0,06;0,01;0;0,01;0,03;0,05;0,05;0,05;0,06;0,05;0,07;0,12;0,18;0,19;0,12;0;0,01;0,01;0,07;0,65;0,19;0,02;0,06;1115,73;0,56;0,7;0,44;0,28;683,77;4300,16;4524,59;1402,64;404,48;0;1;2;2;2;;2;18;12,34;18;193;4;147351;7;0;7;32;2;;12;2;1;2;0;2;0;1;19;0;273;1;6;6;9998;1;1;0;0;0;0;0;0;0;0;0;0;1;40;Nauka jêzyka.;1;20;Nauka jêzyka.
92;1200;3648;4;0,129112;0,075932;0,071546;0,184211;0,154331;0,125548;0,109649;0,149671;0,507401;0,492599;0,094;0,246;0,633;0,121;58;49,4;19,2;0,0223;3;0;997;997;997;997;997;997;997;997;997;997;997;997;997;997;997;997;997;997;997;997;997;997;997;997;997;997;997;997;997;997;997;997;997;997;997;997;997;997;997;997;997;997;997;997;997;997;997;997;997;997;997;997;997;997;997;997;997;997;997;997;1125,74;997;997;997;997;652,51;2986,16;3140,75;1189,75;496,57;0;2;2;2;2;;2;1;6,11;2;207;5;830;0;0;2;3;2;;0;0;0;1;1;1;1;1;0;0;0;3;0;0;9997;0;0;0;0;0;0;0;0;0;0;0;0;0;0;;0;0;
93;56929;56929;2;0,106273;0,044599;0,049114;0,143196;0,178275;0,12094;0,146902;0,210701;0,533788;0,466212;0,127;0,179;0,637;0,184;56,9;102,9;28,9;0,024;278;-5;0,26;0,03;0,35;0,15;0,21;0,43;0,57;0,41;0,31;0,19;0,06;0,02;0,01;0,09;0,33;0,38;0,2;0;0,56;0,07;0,02;0,26;0,07;0,01;0;0;0,05;0,18;0,03;0,29;0,05;0;0,26;0,07;0,02;0,01;0;0,02;0,04;0,09;0,12;0,07;0,04;0,05;0,05;0,06;0,04;0,06;0,08;0,11;0,14;0,03;0;0;0,05;0,16;0,57;0,21;0,01;0;1601,97;0,39;0,47;0,27;0,25;181,96;2654,81;2739,26;1108,19;290,12;0;2;1;1;2;;2;6;14,9;9;171;3;11520;0;0;2;30;2;;0;0;0;2;0;0;9997;9997;19;1;28;9;0;0;9997;0;0;0;0;0;0;0;0;0;0;0;0;0;0;;0;0;
94;1498;11768;4;0,110979;0,07019;0,080133;0,162475;0,151428;0,138001;0,114038;0,172757;0,4998;0,5002;0,136;0,226;0,621;0,154;61,1;68;24,7;0,0234;-9;17;0,26;0;0,71;0,02;0,01;0,24;0,76;0,03;0,24;0,13;0,28;0,19;0,12;0,18;0,39;0,3;0,13;0;0,4;0,07;0,03;0,28;0,12;0,07;0,03;0;0,05;0,1;0,03;0,17;0,02;0,08;0,28;0,12;0,03;0,1;0;0,02;0,01;0;0;0;0,08;0;0,02;0,07;0,04;0,07;0,05;0,08;0,08;0,5;0;0;0,02;0,34;0,52;0,12;0;0;1107,54;0,67;0,54;0,02;0,48;970,79;2784,65;3104,24;1113,5;533,97;0;2;1;1;2;;2;2;20,29;5;161;2;3800;0;0;1;13;2;;0;0;0;0;0;5;0;1;0;1;0;1;0;0;9997;0;1;0;0;0;0;0;0;0;0;0;0;0;0;;0;0;
95;292732;292732;2;0,083117;0,040018;0,054346;0,154401;0,153975;0,117992;0,134659;0,261492;0,467;0,533;0,123;0,169;0,665;0,167;50,5;98,7;21,2;0,0198;-188;165;0,31;0,04;0,48;0,08;0,09;0,34;0,66;0,28;0,31;0,2;0,16;0,04;0,01;0,09;0,13;0,35;0,42;0,01;0,54;0,05;0,04;0,21;0,13;0,02;0;0,02;0,11;0,15;0,06;0,17;0,03;0;0,21;0,13;0,04;0,03;0,02;0,06;0,04;0,01;0,02;0,02;0,04;0,05;0,04;0,05;0,04;0,08;0,13;0,15;0,16;0,16;0;0,01;0,02;0,11;0,56;0,23;0,01;0,07;1103,2;0,51;0,65;0,62;0,11;363,31;4263,21;4780,09;1468,31;605,63;99997;1;2;2;2;;1;37;13,37;17;152;16;317167;11;0;9;14;2;;0;9997;40;0;0;10;0;9997;19;1;173;9997;4;2;2;0;2;0;0;0;0;1;2;0;0;0;0;0;0;;0;0;
96;306826;306826;2;0,080717;0,040042;0,054311;0,15659;0,142517;0,129497;0,160117;0,236209;0,472;0,528;0,038;0,151;0,643;0,207;55,6;137,6;32,2;0,0543;-947;-131;0,25;0,1;0,45;0,1;0,11;0,38;0,62;0,21;0,26;0,22;0,19;0,07;0,04;0,24;0,44;0,21;0,11;0;0,35;0,08;0,08;0,28;0,1;0,09;0,01;0,01;0,01;0,06;0,03;0,23;0,06;0;0,28;0,1;0,08;0,1;0,01;0,03;0,01;0,01;0,01;0,04;0,05;0,06;0,04;0,07;0,05;0,11;0,21;0,17;0,1;0,05;0;0,01;0,04;0,3;0,59;0,06;0;0,01;1168,42;0,23;0,45;0,24;0,21;365,06;4329,54;4607,04;1253,31;445,89;0;1;2;2;2;;2;35;12,78;37;322;29;374911;12;0;2;9;2;;12;5;3;6;3;1;0;93;52;1;765;94;2;1;3;0;0;1;1;0;0;0;0;0;0;0;0;0;0;;0;0;
97;7579;26242;5;0,101201;0,050534;0,062013;0,164797;0,14936;0,116638;0,161235;0,194221;0,482;0,517;0,225;0,188;0,647;0,165;54,5;87,6;25,4;0,017;-53;0;0,26;0;0,55;0,11;0,08;0,45;0,55;0,14;0,28;0,3;0,19;0,07;0,03;0,16;0,34;0,31;0,19;0;0,32;0,06;0,11;0,39;0,1;0,02;0;0;0,04;0,03;0,07;0,19;0,05;0;0,39;0,1;0,11;0,02;0;0;0;0,03;0,06;0,1;0,08;0,05;0;0,03;0,1;0,13;0,16;0,1;0,14;0,02;0;0;0,05;0,3;0,58;0,04;0;0,02;907,28;0,61;0,64;0,1;0,69;787,62;2883,32;3528,44;1288,26;457,63;0;1;2;2;2;;2;8;14,95;9;169;1;11329;1;0;6;30;2;;3;1;0;0;0;0;0;0;0;0;4;17;0;0;9997;1;3;0;0;0;0;0;0;0;0;0;0;1;20;Jêzyk podstawowy i srednio zaawansowany.;0;0;
98;11237;18197;5;0,080804;0,048767;0,062294;0,179051;0,144612;0,129928;0,162588;0,191955;0,478;0,521;0,148;0,165;0,67;0,164;49,2;99,4;24,5;0,0185;-29;1;0,26;0,04;0,65;0,01;0,04;0,26;0,74;0,04;0,19;0,33;0,26;0,06;0,11;0,13;0,29;0,5;0,08;0,01;0,42;0,01;0,14;0,21;0,13;0,08;0;0;0,01;0,1;0,03;0,26;0,04;0;0,21;0,13;0,14;0,08;0;0;0;0;0;0,04;0,01;0,03;0,08;0,04;0,05;0,16;0,16;0,11;0,06;0,25;0;0;0;0,26;0,65;0,06;0;0,03;907,28;0,62;0,63;0,42;0,24;534,22;2427,87;2767,65;944,83;498,82;0;1;2;2;2;;2;5;8,13;4;106;1;7732;0;0;1;16;2;;1;0;1;1;0;0;0;0;1;0;2;13;0;0;9997;0;0;0;0;0;0;0;0;0;0;0;0;0;0;;0;0;
99;1346;4623;4;0,083712;0,058404;0,061216;0,142332;0,149903;0,123729;0,149903;0,230803;0,493;0,507;0,138;0,179;0,627;0,195;59,5;108,8;31;0,0237;-36;0;0,26;0;0,59;0;0,15;0,5;0,5;0,11;0,29;0,16;0,18;0,21;0,04;0,22;0,34;0,33;0,11;0;0,36;0;0;0,43;0,18;0,03;0;0;0;0;0,2;0,12;0;0;0,43;0,18;0;0,03;0;0,04;0;0;0;0;0,11;0,04;0,08;0,08;0,09;0,14;0,2;0,07;0,12;0,05;0;0;0;0,18;0,53;0,21;0;0,08;1178,73;0,67;0,39;0;0,55;431,79;2748,29;2779,01;1035,99;384,78;0;2;2;2;2;;2;1;12,5;1;140;0;99999997;0;0;3;15;2;;0;0;0;3;0;0;0;0;0;0;0;0;0;0;9997;0;0;0;0;0;0;0;0;0;0;0;0;0;0;;0;0;
100;1416;3728;4;0,121781;0,069742;0,086373;0,191792;0,123659;0,128219;0,137607;0,140826;0,508;0,491;0,238;0,24;0,643;0,118;55,6;49;18,3;0,0266;-28;-1;0,44;0;0,42;0,06;0,08;0,31;0,69;0,14;0,28;0,18;0,21;0,08;0,11;0,38;0,36;0,15;0,11;0;0,37;0,06;0,16;0,26;0,12;0,03;0;0;0,06;0,02;0;0,08;0,12;0,14;0,26;0,12;0,16;0,03;0;0;0;0;0,06;0,03;0,1;0,06;0,08;0,03;0,06;0,13;0,23;0,09;0,08;0,06;0;0;0,08;0,28;0,61;0,03;0;0;1243,12;0,5;0,3;0;0,47;1075,65;3222,14;3310,63;1172,24;682,42;0;2;2;2;2;;2;1;8,26;1;174;1;6350;0;0;4;20;2;;1;1;0;5;1;2;0;1;0;0;0;3;0;0;9997;0;0;0;0;0;0;0;0;0;0;0;0;0;0;;0;0;
101;5057;5057;2;0,087008;0,05003;0,059917;0,151671;0,15088;0,111331;0,177576;0,211588;0,47;0,53;0,191;0,175;0,639;0,187;56,6;106,6;29,2;0,0357;31;-6;997;997;997;997;997;997;997;997;997;997;997;997;997;997;997;997;997;997;997;997;997;997;997;997;997;997;997;997;997;997;997;997;997;997;997;997;997;997;997;997;997;997;997;997;997;997;997;997;997;997;997;997;997;997;997;997;997;997;997;997;1239,2;997;997;997;997;819,6;2944,32;3366,11;788,92;481,54;0;1;2;2;2;;2;1;5,76;1;190;1;32489;0;0;0;0;2;;0;1;1;0;0;1;0;1;0;0;0;0;0;0;9997;0;0;0;0;0;0;0;0;0;0;0;0;0;0;;0;0;
102;2069;8324;5;0,101015;0,046883;0,068149;0,171097;0,133881;0,161914;0,150797;0,166264;0,5;0,499;0,179;0,182;0,674;0,144;48,4;79,1;21,4;0,0175;-3;0;997;997;997;997;997;997;997;997;997;997;997;997;997;997;997;997;997;997;997;997;997;997;997;997;997;997;997;997;997;997;997;997;997;997;997;997;997;997;997;997;997;997;997;997;997;997;997;997;997;997;997;997;997;997;997;997;997;997;997;997;907,28;997;997;997;997;1021,42;3350,54;3629,26;1043,12;536,72;99997;2;2;2;2;;2;3;8,65;4;113;1;6320;0;0;1;12;2;;3;0;0;0;0;2;1;0;0;0;0;0;0;0;9997;0;1;0;0;0;0;0;0;0;0;0;0;0;0;;0;0;
103;15535;22507;5;0,086257;0,056775;0,076923;0,196588;0,123077;0,157258;0,154297;0,148825;0,493;0,506;0,236;0,185;0,688;0,127;45,3;68,7;18,5;0,0185;-10;-6;0,15;0,01;0,75;0,04;0,05;0,29;0,71;0,1;0,09;0,27;0,23;0,21;0,1;0,09;0,37;0,32;0,23;0;0,42;0,04;0,19;0,12;0,13;0,06;0,01;0,02;0,04;0,05;0,08;0,26;0,04;0;0,12;0,13;0,19;0,08;0,02;0;0,04;0;0;0,07;0,02;0,06;0,03;0,11;0,04;0,13;0,11;0,18;0,04;0,15;0;0,01;0,06;0,24;0,64;0,04;0;0,02;907,28;0,64;0,67;0,26;0,27;514,62;2336,38;2321,34;801,32;449,91;0;1;2;2;2;;2;5;5,61;4;124;1;14270;2;0;2;14;2;;1;2;1;1;0;0;0;0;1;1;4;0;1;0;9997;0;0;0;0;0;0;0;0;0;0;0;0;0;0;;0;0;
104;39796;39796;2;0,09702;0,048723;0,056036;0,159488;0,145944;0,113504;0,170394;0,20889;0,472;0,528;0,257;0,178;0,646;0,175;54,7;98,4;27,1;0,0383;-185;22;0,28;0,09;0,49;0,08;0,05;0,39;0,61;0,19;0,29;0,21;0,18;0,09;0,04;0,19;0,34;0,34;0,12;0,01;0,38;0,06;0,09;0,27;0,11;0,05;0,01;0,02;0,02;0,12;0,03;0,2;0,05;0,01;0,27;0,11;0,09;0,05;0,02;0,02;0,01;0,02;0,03;0,04;0,05;0,06;0,07;0,06;0,05;0,12;0,11;0,15;0,17;0,05;0;0;0,07;0,3;0,51;0,11;0;0,02;1153,06;0,38;0,51;0,32;0,39;735,54;2682,89;3228,22;981,34;527,78;0;1;2;2;1;Romowie;2;4;19,11;2;159;1;8900;0;0;2;35;2;;0;4;0;0;0;0;0;0;4;0;20;9;0;0;9997;1;2;0;0;0;0;0;0;0;0;0;0;0;0;;0;0;
105;1393;7378;4;0,130388;0,065329;0,072648;0,1701;0,184061;0,118867;0,124831;0,133776;0,499;0,501;0,149;0,239;0,649;0,112;54,1;47;17,3;0,0346;-68;-1;0,4;0,02;0,49;0,06;0,03;0,23;0,77;0,24;0,24;0,14;0,19;0,04;0,14;0,41;0,33;0,17;0,09;0;0,49;0,09;0,14;0,12;0,05;0,08;0;0,02;0,02;0;0,02;0,31;0,14;0,04;0,12;0,05;0,14;0,08;0,02;0,04;0;0;0;0;0,13;0,15;0;0;0,05;0,1;0,21;0,14;0,09;0,13;0;0;0;0,13;0,8;0,06;0;0;1239,2;0,38;0,62;0;0,59;720,25;3505,8;4781,4;133,07;486,49;99997;1;1;1;2;;2;2;8,26;6;218;7;7698;0;0;2;16;2;;0;0;2;9997;0;0;0;9997;0;0;0;9997;0;0;9997;0;0;0;0;0;0;0;0;0;0;0;0;0;0;;0;0;
106;16209;16209;2;0,095009;0,050157;0,069159;0,154852;0,137886;0,134;0,158862;0,200074;0,474;0,526;0,263;0,186;0,641;0,173;56;92,8;27;0,0261;-88;2;0,38;0,03;0,49;0,05;0,06;0,31;0,69;0,21;0,23;0,28;0,16;0,09;0,02;0,2;0,25;0,31;0,24;0;0,44;0,09;0,11;0,18;0,12;0,03;0,02;0,02;0,07;0,08;0,06;0,22;0,06;0;0,18;0,12;0,11;0,05;0,02;0,03;0,01;0,07;0,01;0,02;0,07;0,03;0,03;0,05;0,03;0,05;0,06;0,08;0,05;0,4;0;0,03;0,13;0,17;0,49;0,21;0;0;1103,39;0,5;0,54;0,53;0,21;678,99;3282,34;3691,08;782,37;617,66;0;2;2;2;2;;2;2;24,27;2;174;1;9270;0;0;1;9997;2;;0;0;0;1;0;2;0;0;2;0;8;0;0;0;9997;0;1;0;0;0;0;0;0;0;0;0;0;0;0;;0;0;
107;2000;6154;4;0,098148;0,052161;0,064998;0,158759;0,160871;0,11326;0,166721;0,185083;0,486;0,514;0,2;0,188;0,66;0,152;51,5;81,1;23,1;0,0412;31;-2;0,2;0,08;0,67;0;0,04;0,27;0,73;0,04;0,33;0,24;0,31;0,08;0;0,07;0,66;0,16;0,11;0;0,6;0,03;0,04;0,2;0,08;0,06;0;0;0,04;0,11;0;0,28;0,17;0,04;0,2;0,08;0,04;0,06;0;0;0;0;0;0;0;0,04;0,04;0,18;0,11;0,13;0,3;0,08;0,04;0,07;0;0;0,04;0,23;0,65;0,08;0;0;1239,2;0,62;0,58;0;0,83;577,34;2454,69;2860,9;737,06;396;0;2;2;2;2;;2;1;7,38;3;155;1;1453;0;0;1;6;2;;0;0;0;0;0;0;0;0;0;0;0;0;0;0;9997;0;0;0;0;0;0;0;0;0;0;0;0;0;0;;0;0;
108;2305;4327;3;0,109083;0,05639;0,065865;0,17333;0,13358;0,118789;0,167321;0,175641;0,495;0,505;0,276;0,205;0,649;0,147;54,2;71,9;22,7;0,037;-26;3;997;997;997;997;997;997;997;997;997;997;997;997;997;997;997;997;997;997;997;997;997;997;997;997;997;997;997;997;997;997;997;997;997;997;997;997;997;997;997;997;997;997;997;997;997;997;997;997;997;997;997;997;997;997;997;997;997;997;997;997;1186,91;997;997;997;997;1216,34;3294,89;3728,85;972,27;659,39;5;2;2;2;2;;2;1;6,84;1;130;0;99999997;1;0;1;8;2;;0;0;2;1;1;1;1;0;0;0;0;0;0;0;9997;0;1;0;0;0;0;0;0;0;0;0;0;0;0;;0;0;
109;8649;8649;5;0,095502;0,049832;0,062435;0,165106;0,136548;0,129495;0,163371;0,197711;0,471;0,529;0,163;0,18;0,654;0,167;53;93;25,6;0,0178;-57;-1;0,23;0;0,64;0,04;0,09;0,43;0,57;0,03;0,24;0,4;0,16;0,04;0,14;0,21;0,23;0,31;0,26;0;0,44;0,08;0,09;0,24;0,13;0,02;0;0;0,1;0,07;0,07;0,12;0,09;0,07;0,24;0,13;0,09;0,02;0;0;0,18;0;0;0;0,05;0;0,04;0;0,04;0,08;0,1;0,07;0,16;0,2;0;0,06;0;0,24;0,7;0,06;0;0;978,49;0,6;0,68;0,36;0,24;678,54;2319,6;2371,5;959,54;497,77;0;1;2;2;1;Romowie;2;2;9,77;3;288;1;3222;2;0;1;18;2;;0;2;4;7;0;7;0;0;4;0;8;0;0;0;9997;0;0;0;0;1;1;0;0;1;1;0;0;0;0;;0;0;
110;6639;12791;3;0,096005;0,049253;0,06098;0,163709;0,140958;0,111641;0,172621;0,204832;0,494;0,506;0,135;0,18;0,649;0,171;54;95,2;26,4;0,0224;-70;-5;997;997;997;997;997;997;997;997;997;997;997;997;997;997;997;997;997;997;997;997;997;997;997;997;997;997;997;997;997;997;997;997;997;997;997;997;997;997;997;997;997;997;997;997;997;997;997;997;997;997;997;997;997;997;997;997;997;997;997;997;1026,36;997;997;997;997;1286,2;3135,31;3664,01;864,61;443,57;0;1;2;2;2;;2;3;10,18;4;90;1;600;1;0;1;12;1;niemiecki;0;0;0;2;0;2;0;1;1;0;1;0;0;0;9997;0;1;0;0;0;0;0;0;0;0;0;0;0;0;;0;0;
111;4448;4448;5;0,092401;0,052158;0,063849;0,17446;0,125225;0,131295;0,166817;0,193795;0,489;0,511;0,279;0,18;0,649;0,171;54,2;95,1;26,4;0,0261;-1;-4;997;997;997;997;997;997;997;997;997;997;997;997;997;997;997;997;997;997;997;997;997;997;997;997;997;997;997;997;997;997;997;997;997;997;997;997;997;997;997;997;997;997;997;997;997;997;997;997;997;997;997;997;997;997;997;997;997;997;997;997;1103,39;997;997;997;997;1165,04;3013,6;3417,76;1032,24;959,2;0;1;2;2;2;;2;1;20,8;1;241;1;9793;0;0;0;0;2;;0;2;15;0;0;6;0;0;0;1;0;4;0;0;9997;0;0;0;0;0;0;0;0;0;0;0;0;0;0;;0;0;
112;203804;203804;2;0,085347;0,039896;0,052678;0,156273;0,162553;0,120655;0,161827;0,220771;0,472;0,528;0,106;0,155;0,656;0,189;52,5;121,7;28,8;0,0289;-1071;-51;0,3;0,02;0,47;0,12;0,08;0,35;0,65;0,26;0,25;0,25;0,2;0,03;0,01;0,1;0,23;0,39;0,28;0;0,47;0,07;0,05;0,24;0,12;0,03;0,01;0,01;0,06;0,15;0,07;0,22;0,05;0;0,24;0,12;0,05;0,04;0,01;0;0,06;0,02;0,03;0,04;0,05;0,07;0,05;0,06;0,04;0,11;0,11;0,14;0,12;0,11;0;0,01;0,05;0,19;0,57;0,17;0;0,02;1026,36;0,43;0,63;0,47;0,15;978,01;4491,31;4807,85;1312,83;810,9;99997;1;2;2;2;;2;31;15,31;15;230;14;670092;3;0;3;80;2;;23;4;10;22;9997;9997;9997;9997;39;0;333;9997;3;1;1;2;2;1;2;3;8;0;0;0;0;0;0;0;0;;1;2;"Julit; Lidears leader contraction"
113;2500;5465;4;0,124977;0,070997;0,064227;0,167978;0,145654;0,123696;0,144922;0,157548;0,493;0,507;0,198;0,237;0,626;0,137;59,7;58;21,9;0,0228;9;0;0,37;0;0,47;0,06;0,11;0,26;0,74;0,15;0,29;0,07;0,22;0,18;0,1;0,43;0,35;0,2;0,02;0;0,45;0;0,21;0,23;0,09;0,02;0;0;0;0;0,09;0,24;0,09;0,02;0,23;0,09;0,21;0,02;0;0;0;0,02;0,03;0,1;0,04;0,1;0;0,05;0,04;0,18;0,14;0,05;0,05;0,19;0;0;0,31;0,34;0,25;0,09;0;0;1158,49;0,56;0,46;0,05;0,48;801,57;3038,86;3715,63;1064,66;662,69;0;2;2;2;2;;2;1;12,56;2;145;1;17770;0;0;2;8;2;;0;0;0;0;0;1;0;0;0;1;2;0;0;0;9997;0;1;0;0;0;0;0;0;0;0;0;0;0;0;;0;0;
114;176987;176987;2;0,093384;0,044804;0,05382;0,150719;0,157861;0,12008;0,158924;0,220407;0,4719;0,5281;0,06;0,169;0,643;0,189;55,6;112;29,4;0,0277;-542;92;0,27;0,03;0,5;0,11;0,09;0,39;0,61;0,24;0,28;0,28;0,16;0,03;0,01;0,1;0,43;0,3;0,15;0,01;0,53;0,04;0,05;0,24;0,09;0,04;0,01;0,01;0,03;0,1;0,05;0,33;0,06;0;0,24;0,09;0,05;0,04;0,01;0,01;0,03;0,02;0,02;0,04;0,06;0,07;0,04;0,04;0,07;0,11;0,13;0,12;0,12;0,12;0;0,01;0,09;0,23;0,57;0,1;0;0,01;1168,42;0,53;0,49;0,28;0,32;413,39;3889,92;4170,36;1429,37;450,13;99997;1;2;2;2;;2;28;10,94;18;266;14;472295;1;0;4;3;2;;10;6;21;2;0;0;0;0;49;0;242;0;0;1;1;0;1;1;3;0;0;0;0;0;0;0;0;0;0;;0;0;
115;4781;4781;4;0,097678;0,060448;0,074671;0,170885;0,137628;0,130517;0,161472;0,166702;0,488;0,512;0,191;0,199;0,66;0,141;51,5;71,2;21,4;0,0357;-10;-3;0,24;0,11;0,48;0,05;0,13;0,39;0,61;0,19;0,25;0,2;0,17;0,04;0,15;0,27;0,42;0,24;0,08;0;0,26;0,05;0,17;0,3;0,1;0,1;0,02;0;0;0;0,05;0,23;0;0;0,3;0,1;0,17;0,12;0;0,03;0,02;0;0,02;0,02;0,05;0,1;0,02;0,05;0,06;0,26;0,1;0,07;0,07;0,15;0;0;0;0,21;0,65;0,07;0;0,08;1239,2;0,36;0,41;0,03;0,62;593,24;3289,94;3351,43;1054;462,84;0;1;2;2;2;;2;1;12,18;2;193;3;2646;0;0;2;10;2;;0;0;0;0;0;1;0;0;0;0;0;0;0;0;9997;0;0;0;0;0;0;0;0;0;0;0;0;0;0;;0;0;
116;2185;7491;4;0,11387;0,065946;0,078227;0,164865;0,153785;0,136697;0,125751;0,16086;0,4916;0,5083;0,12;0,222;0,64;0,138;56,3;61,9;21,5;0,025;9;3;0,38;0;0,54;0;0,08;0,33;0,67;0,12;0,39;0,16;0,08;0,04;0,21;0,37;0,28;0,23;0,11;0;0,58;0,04;0;0,28;0,09;0;0;0;0;0,16;0,09;0,3;0,08;0;0,28;0,09;0;0;0;0;0;0;0;0;0;0;0,04;0,04;0;0;0,05;0;0;0,88;0;0;0,04;0,17;0,75;0,04;0;0;1107,54;0,6;0,68;0;0,53;433,73;2323,88;2608,85;1286,9;395,83;99997;2;2;2;2;;2;1;18,18;4;136;1;3620;0;0;2;10;2;;0;0;0;1;0;0;0;0;0;0;0;1;0;0;9997;0;0;0;0;0;0;0;0;0;0;0;0;0;0;;0;0;
117;31025;31025;2;0,095794;0,047768;0,05444;0,143916;0,170959;0,117035;0,145302;0,224786;0,48;0,52;0,114;0,175;0,639;0,186;56,5;106,5;29,2;0,0254;75;-11;0,32;0,09;0,32;0,17;0,09;0,43;0,57;0,45;0,25;0,16;0,11;0,03;0;0,13;0,54;0,21;0,11;0,01;0,57;0,03;0,02;0,2;0,1;0,07;0;0;0,01;0,07;0,05;0,18;0,02;0;0,2;0,1;0,02;0,07;0;0,27;0,01;0;0,01;0,03;0,08;0,09;0,11;0,08;0,04;0,09;0,09;0,15;0,15;0,07;0;0,01;0,07;0,26;0,59;0,07;0;0;1239,2;0,36;0,38;0,28;0,19;444,16;2655,33;2859,17;721,96;360,88;0;1;2;2;2;;2;3;13,75;3;221;3;14412;0;0;9997;9997;2;;2;3;12;0;1;0;0;0;8;0;11;0;0;0;9997;0;2;1;2;0;0;1;1;0;0;0;0;0;0;;0;0;
118;22349;34364;3;0,106361;0,055465;0,061431;0,158742;0,161885;0,122745;0,160982;0,17239;0,487;0,513;0,184;0,198;0,66;0,142;51,6;72;21,6;0,032;203;-28;0,25;0,05;0,46;0,07;0,17;0,35;0,65;0,19;0,33;0,31;0,12;0,04;0,02;0,26;0,34;0,27;0,14;0;0,54;0,06;0,07;0,26;0,04;0,01;0,01;0,02;0,04;0,19;0,06;0,19;0,11;0;0,26;0,04;0,07;0,02;0,02;0;0,04;0,02;0;0,02;0,02;0,09;0,09;0,05;0,04;0,14;0,09;0,17;0,13;0,09;0;0;0;0,07;0,86;0,08;0;0;1186,91;0,33;0,49;0,34;0,24;345,04;2825,32;3116,84;1087,58;424,43;0;2;2;2;2;;2;5;10,7;7;154;2;9500;3;0;4;25;2;;0;0;0;0;0;0;0;0;8;0;14;0;0;1;9998;0;1;1;2;0;0;0;0;0;0;0;0;0;0;;0;0;
119;69527;69527;2;0,104046;0,056568;0,075194;0,173904;0,144318;0,142017;0,150934;0,15302;0,479;0,521;0,122;0,204;0,666;0,13;50,2;63,8;19,6;0,0226;-257;-6;0,27;0,04;0,53;0,07;0,09;0,37;0,63;0,21;0,26;0,2;0,21;0,07;0,05;0,18;0,22;0,36;0,24;0;0,41;0,05;0,11;0,29;0,09;0,02;0,02;0,02;0,04;0,12;0,04;0,2;0,05;0,01;0,29;0,09;0,11;0,03;0,02;0,01;0,04;0;0,02;0,07;0,04;0,06;0,05;0,09;0,02;0,09;0,11;0,12;0,15;0,14;0;0;0,04;0,2;0,61;0,13;0,01;0,01;1103,2;0,52;0,61;0,54;0,17;1368,66;4274,31;4751,04;1417,71;701,97;0;1;2;2;2;;2;9;21,42;5;177;5;49859;1;0;6;80;2;;1;0;2;0;0;5;0;0;2;0;20;0;1;1;9998;0;1;0;0;0;0;0;0;0;0;0;0;0;0;;0;0;
120;452;4488;4;0,112522;0,059938;0,064394;0,168895;0,131684;0,122326;0,142825;0,197415;0,499;0,501;0,206;0,209;0,621;0,17;61,1;81,1;27,4;0,0266;-6;0;0,33;0;0,65;0;0,02;0,26;0,74;0,07;0,17;0,14;0,35;0,22;0,05;0,2;0,42;0,27;0,11;0;0,49;0;0,07;0,22;0,15;0,07;0;0;0;0;0,03;0,17;0,09;0,2;0,22;0,15;0,07;0,07;0;0;0;0;0;0,06;0,13;0,15;0,07;0,07;0,07;0,08;0,1;0,04;0,03;0,21;0;0;0,09;0,09;0,78;0,05;0;0;1158,49;0,8;0,53;0,03;0,63;567,7;2565,25;2699,36;1191,7;438,49;0;2;2;2;2;;2;1;11,07;1;102;1;2850;0;0;1;14;2;;0;0;0;0;0;1;0;0;0;0;1;0;0;0;9997;0;1;0;0;0;0;0;0;0;0;0;0;0;0;;0;0;
